"deviceid","c_group","c_start","c_coordinates","X_c_coordinates_latitude","X_c_coordinates_longitude","X_c_coordinates_altitude","X_c_coordinates_precision","c_neighborhood","c_rainweek","c_participant_num","c_participant_gender","c_participant_female_obs","c_participant_male_obs","c_participant_female","c_participant_male","c_neighborhood_y","c_neighborhood_n","c_c_y","c_c_n","c_s_a","c_s_a_note","c_s_a_note_2","c_s_a_3","c_s_a_2","c_s_a_1","c_s_a_0","c_s_a_na","c_d_a","c_d_a_note","c_d_a_note_2","c_d_a_3","c_d_a_2","c_d_a_1","c_d_a_0","c_d_a_na","c_f_a","c_f_a_note","c_f_a_note_2","c_f_a_3","c_f_a_2","c_f_a_1","c_f_a_0","c_f_a_na","c_dw_a","c_dw_a_note","c_dw_a_note_2","c_dw_a_3","c_dw_a_2","c_dw_a_1","c_dw_a_0","c_dw_a_na","c_dw_e_wt","c_dw_e_wt_note","c_dw_e_wt_note_2","c_dw_e_wt_1","c_dw_e_wt_0","c_dw_e_wt_na","c_o_a","c_o_a_note","c_o_a_note_2","c_o_a_3","c_o_a_2","c_o_a_1","c_o_a_0","c_o_a_na","c_bw_a","c_bw_a_note","c_bw_a_note_2","c_bw_a_3","c_bw_a_2","c_bw_a_1","c_bw_a_0","c_bw_a_na","c_p_a","c_p_a_note","c_p_a_note_2","c_p_a_3","c_p_a_2","c_p_a_1","c_p_a_0","c_p_a_na","c_p_e_note","c_p_e_note_2","c_p_e_2","c_p_e_1","c_p_e_na","c_sf_a","c_sf_a_note","c_sf_a_note_2","c_sf_a_3","c_sf_a_2","c_sf_a_1","c_sf_a_0","c_sf_a_na","c_l_a","c_l_a_note","c_l_a_note_2","c_l_a_3","c_l_a_2","c_l_a_1","c_l_a_0","c_l_a_na","c_pl_a_th","c_pl_a_th_note","c_pl_a_th_note_2","c_pl_a_th_1","c_pl_a_th_0","c_pl_a_th_na","c_pl_a_tu_note","c_pl_a_tu_1","c_pl_a_tu_0","c_pl_a_tu_na","c_pl_a_tu_nl","c_pl_a_tw_note","c_pl_a_tw_note_2","c_pl_a_tw_1","c_pl_a_tw_0","c_pl_a_tw_na","c_pl_a_tw_nl","c_pl_a_tf_note","c_pl_a_tf_note_2","c_pl_a_tf_1","c_pl_a_tf_0","c_pl_a_tf_na","c_pl_a_tf_nl","c_mid","c_participant_female_obs_mid","c_participant_male_obs_mid","c_s_c","c_s_c_note","c_s_c_note_2","c_s_c_3","c_s_c_2","c_s_c_1","c_s_c_0","c_s_c_na","c_d_c","c_d_c_note","c_d_c_note_2","c_d_c_3","c_d_c_2","c_d_c_1","c_d_c_0","c_d_c_na","c_f_c","c_f_c_note","c_f_c_note_2","c_f_c_3","c_f_c_2","c_f_c_1","c_f_c_0","c_f_c_na","c_dw_c","c_dw_c_note","c_dw_c_note_2","c_dw_c_3","c_dw_c_2","c_dw_c_1","c_dw_c_0","c_dw_c_na","c_odw_c","c_o_c_note","c_o_c_note_2","c_o_c_3","c_o_c_2","c_o_c_1","c_o_c_0","c_o_c_na","c_bw_c","c_bw_c_note","c_bw_c_note_2","c_bw_c_3","c_bw_c_2","c_bw_c_1","c_bw_c_0","c_bw_c_na","c_p_c","c_p_c_note","c_p_c_note_2","c_p_c_3","c_p_c_2","c_p_c_1","c_p_c_0","c_p_c_na","c_sf_c","c_sf_c_note","c_sf_c_note_2","c_sf_c_3","c_sf_c_2","c_sf_c_1","c_sf_c_0","c_sf_c_na","c_l_c","c_l_c_note","c_l_c_note_2","c_l_c_3","c_l_c_2","c_l_c_1","c_l_c_0","c_l_c_na","c_end","c_participant_female_obs_end","c_participant_male_obs_end","c_notes","c_enum","X__version__","X_id","X_uuid","X_submission_time","X_index","c_odw_a","c_odw_a_note","c_odw_a_3","c_odw_a_2","c_odw_a_1","c_odw_a_0","c_odw_a_na","c_odw_a_other","c_odw_c_note","c_odw_c_3","c_odw_c_2","c_odw_c_1","c_odw_c_0","c_odw_c_na","c_odw_c_other","c_odw2_a","c_odw2_a_note","c_odw2_a_3","c_odw2_a_2","c_odw2_a_1","c_odw2_a_0","c_odw2_a_na","c_odw2_a_other","c_odw2_c","c_odw2_c_note","c_odw2_c_3","c_odw2_c_2","c_odw2_c_1","c_odw2_c_0","c_odw2_c_na","c_odw2_c_other","c_extra_data","dply_num","c_f_weekly","c_UID","c_date","c_participant_female.1","c_participant_male.1","neighb_UID","city"
,"DarouRahmane4","2019-11-14T12:30:00.000Z","14.781468333333331 -17.366148333333335 15.4 5.0",14.7814683333333,-17.3661483333333,15.4,5,1,0,15,1,15,0,15,0,,,15,0,,,,,,,,,,,,12,0,0,2,1,,,,8,4,2,1,0,,,,15,0,0,0,0,,,,4,4,7,,,,,,,,,,,,15,0,0,0,0,,,,5,5,4,0,1,,,14,1,0,,,,5,1,4,5,0,,,,,,,,,,,,13,2,0,,12,1,0,2,,,12,2,0,1,,,12,0,1,2,,15,0,,,,,,,,,,,,5,3,2,2,3,,,,11,2,0,1,1,,,,15,0,0,0,0,,,,,,,,,,,,14,0,1,0,0,,,,3,3,5,3,1,,,,14,1,0,0,0,,,,,,,,,,15,0,"","AMD, AMB,  A. M. D.,  TD,  ST et SD. ",,,"a8508ea9-922e-473a-8093-736a81d9f467","2019-11-14T16:01:54",,,,,,,,,,,,,,,,,,,,,,,,,,,,,,,,,1,12,,"12_1000","2019-11-14",,,1201,"Dakar"
,"DarouRahmane4","2019-11-14T14:36:00.000Z","14.78143 -17.366225 14.4 5.0",14.78143,-17.366225,14.4,5,1,0,15,0,0,15,0,15,,,15,0,,,,,,,,,,,,15,0,0,0,0,,,,5,3,0,2,1,,,,14,0,0,0,1,,,,3,4,8,,,,,,,,,,,,13,1,1,0,0,,,,7,6,2,0,0,,,15,0,0,,,,11,3,0,1,0,,,,,,,,,,,,14,0,1,,13,0,1,1,,,12,3,0,0,,,13,2,0,0,,0,15,,,,,,,,,,,,11,3,1,0,0,,,,10,2,3,0,0,,,,14,1,0,0,0,,,,,,,,,,,,15,0,0,0,0,,,,10,4,1,0,0,,,,13,1,1,0,0,,,,,,,,,,0,15,"Manques canalisation et écoles,  insécurité,  enclavement, pas de marché,  manque de décharges publiques. ","AMD,   AD,  TD,  A MB, ST, SD. ",,,"eafa99b4-dfee-460c-8e69-b75fb98aa184","2019-11-14T16:01:56",,,,,,,,,,,,,,,,,,,,,,,,,,,,,,,,,1,12,,"12_1001","2019-11-14",,,1201,"Dakar"
,"DarouRahmane4","2019-11-15T11:02:00.000Z","14.781571666666666 -17.365863333333333 65.3 5.0",14.7815716666667,-17.3658633333333,65.3,5,1,0,15,1,15,0,15,0,,,15,0,,,,,,,,,,,,13,1,0,1,0,,,,8,3,4,0,0,,,,14,1,0,0,0,,,,3,12,0,,,,,,,,,,,,15,0,0,0,0,,,,12,1,2,0,0,,,15,0,0,,,,11,2,2,0,0,,,,,,,,,,,,14,1,0,,12,3,0,0,,,15,0,0,0,,,13,2,0,0,,15,0,,,,,,,,,,,,11,0,1,3,0,,,,8,3,0,4,0,,,,14,1,0,0,0,,,,,,,,,,,,15,0,0,0,0,,,,12,1,2,0,0,,,,15,0,0,0,0,,,,,,,,,,15,0,"","AMD, AMB,  AD,  TD,  ST, AC,  YH",,,"71b107be-6588-4ad6-9366-8aa8b8d77c22","2019-11-15T14:06:20",,,,,,,,,,,,,,,,,,,,,,,,,,,,,,,,,1,12,,"12_1002","2019-11-15",,,1201,"Dakar"
,"DarouRahmane4","2019-11-15T11:27:00.000Z","14.781554999999999 -17.366028333333336 77.6 4.0",14.781555,-17.3660283333333,77.6,4,1,0,15,0,0,15,0,15,,,15,0,,,,,,,,,,,,7,2,2,3,1,,,,8,3,1,3,0,,,,15,0,0,0,0,,,,4,11,0,,,,,,,,,,,,11,0,4,0,0,,,,7,2,5,1,0,,,14,0,1,,,,6,4,5,0,0,,,,,,,,,,,,13,2,0,,15,0,0,0,,,14,1,0,0,,,10,5,0,0,,0,15,,,,,,,,,,,,7,3,4,1,0,,,,7,3,4,1,0,,,,15,0,0,0,0,,,,,,,,,,,,14,1,0,0,0,,,,10,2,3,0,0,,,,11,1,3,0,0,,,,,,,,,,0,15,"Le Lac Thiourour se déverse dans le quartier, manque de connection aux égouts,  problème d'évacuation des ordures,  problème de marché dans le quartier. ","AMD,  AMB, TD,  ST,  AD, AC",,,"719a5d30-1007-47d1-af6b-ecb940cb6133","2019-11-15T14:06:20",,,,,,,,,,,,,,,,,,,,,,,,,,,,,,,,,1,12,,"12_1003","2019-11-15",,,1201,"Dakar"
,"MedinaGounass3B","2019-11-18T10:50:00.000Z","14.772211666666665 -17.383628333333334 18.1 4.5",14.7722116666667,-17.3836283333333,18.1,4.5,2,0,15,1,15,0,15,0,,,15,0,,,,,,,,,,,,9,3,3,0,0,,,,8,3,3,1,0,,,,14,1,0,0,0,,,,9,6,0,,,,,,,,,,,,14,1,0,0,0,,,,6,6,3,0,0,,,15,0,0,,,,5,3,5,2,0,,,,,,,,,,,,15,0,0,,15,0,0,0,,,15,0,0,0,,,15,0,0,0,,15,0,,,,,,,,,,,,6,4,3,1,1,,,,9,2,3,0,1,,,,14,0,0,0,1,,,,,,,,,,,,10,2,2,0,1,,,,6,4,4,0,1,,,,9,4,2,0,0,,,,,,,,,,15,0,"Manque d'assainissement,  mauvais état des toilettes,  existence de vidange manuelle. ","AMD,  AMB,  TD,  ST et AD",,,"a0e9cbef-5af3-4f73-b898-8c321490e4d4","2019-11-18T15:56:10",,,,,,,,,,,,,,,,,,,,,,,,,,,,,,,,,1,12,,"12_1004","2019-11-18",,,1202,"Dakar"
,"MedinaGounass3B","2019-11-18T12:12:00.000Z","14.772216666666669 -17.383513333333333 47.3 5.0",14.7722166666667,-17.3835133333333,47.3,5,2,0,15,0,0,15,0,15,,,15,0,,,,,,,,,,,,7,3,0,5,0,,,,3,3,4,5,0,,,,15,0,0,0,0,,,,2,13,0,,,,,,,,,,,,10,3,2,0,0,,,,3,3,9,0,0,,,14,0,1,,,,8,1,5,1,0,,,,,,,,,,,,15,0,0,,14,1,0,0,,,9,5,1,0,,,10,5,0,0,,0,15,,,,,,,,,,,,3,1,5,5,1,,,,3,4,5,3,0,,,,15,0,0,0,0,,,,,,,,,,,,11,2,2,0,0,,,,9,3,3,0,0,,,,10,3,1,1,0,,,,,,,,,,0,15,"Déversement eaux usées dans les rues,  enclavement, manque d'assainissement,  assurer le suivi,  désherbage du bassin de rétention. ","AMD, AMB, TD, ST et AD. ",,,"0d98a758-9156-40ec-bebc-e7d66248ad60","2019-11-18T16:04:01",,,,,,,,,,,,,,,,,,,,,,,,,,,,,,,,,1,12,,"12_1005","2019-11-18",,,1202,"Dakar"
,"MedinaGounass3B","2019-11-19T09:50:00.000Z","14.772613333333334 -17.383985 26.4 4.5",14.7726133333333,-17.383985,26.4,4.5,2,0,15,1,15,0,15,0,,,15,0,,,,,,,,,,,,13,0,1,1,0,,,,11,2,0,2,0,,,,14,0,0,1,0,,,,7,8,0,,,,,,,,,,,,12,2,1,0,0,,,,7,4,4,0,0,,,14,0,1,,,,5,3,4,2,1,,,,,,,,,,,,15,0,0,,15,0,0,0,,,15,0,0,0,,,9,6,0,0,,15,0,,,,,,,,,,,,10,3,1,1,0,,,,12,1,1,1,0,,,,15,0,0,0,0,,,,,,,,,,,,13,0,2,0,0,,,,12,2,1,0,0,,,,5,9,1,0,0,,,,,,,,,,15,0,"Problème d'assainissement,  changement de comportement,  nécessité de sensibiliser.  Les questions sont claires et compréhensibles. ","AMD,  AMB,  TD,  ST,  AS et ND. NG. F",,,"97c80856-7df2-4fef-9010-741ceaf51a8c","2019-11-19T13:33:33",,,,,,,,,,,,,,,,,,,,,,,,,,,,,,,,,1,12,,"12_1006","2019-11-19",,,1202,"Dakar"
,"MedinaGounass3B","2019-11-19T11:28:00.000Z","14.772788333333331 -17.384346666666666 -16.2 4.9",14.7727883333333,-17.3843466666667,-16.2,4.9,2,0,15,0,0,15,0,15,,,15,0,,,,,,,,,,,,7,3,2,2,1,,,,2,3,5,5,0,,,,14,0,0,1,0,,,,2,12,1,,,,,,,,,,,,11,3,1,0,0,,,,1,3,9,2,0,,,15,0,0,,,,3,3,7,2,0,,,,,,,,,,,,14,0,1,,15,0,0,0,,,14,1,0,0,,,7,8,0,0,,0,15,,,,,,,,,,,,6,2,1,6,0,,,,4,4,5,2,0,,,,15,0,0,0,0,,,,,,,,,,,,14,1,0,0,0,,,,5,4,5,1,0,,,,6,4,4,0,1,,,,,,,,,,0,15,"Vidange manuelle,  manque d'assainissement,  enclavement,  problème de suivi avec les ONG,  Nécessité d'avoir des camions de vidange et des toilettes dans les maisons. ","AMD, TD, ST, AMB, AD et ND. NG. F. ",,,"35117b26-795b-4d16-ad27-31924392e973","2019-11-19T13:33:38",,,,,,,,,,,,,,,,,,,,,,,,,,,,,,,,,1,12,,"12_1007","2019-11-19",,,1202,"Dakar"
,"DTK","2019-11-20T11:06:00.000Z","14.761798333333335 -17.383991666666667 18.0 4.9",14.7617983333333,-17.3839916666667,18,4.9,3,0,15,1,15,0,15,0,,,15,0,,,,,,,,,,,,14,0,0,0,1,,,,14,1,0,0,0,,,,14,0,0,0,1,,,,2,12,1,,,,,,,,,,,,12,3,0,0,0,,,,2,9,2,2,0,,,14,0,1,,,,5,8,1,0,1,,,,,,,,,,,,14,0,1,,14,0,1,0,,,11,3,1,0,,,12,2,1,0,,15,0,,,,,,,,,,,,13,1,0,1,0,,,,13,1,0,0,1,,,,14,0,0,0,1,,,,,,,,,,,,10,4,0,0,1,,,,9,6,0,0,0,,,,14,0,1,0,0,,,,,,,,,,15,0,"Il y a beaucoup plus de cas de diarrhée à DTK par rapport aux autres communes. ","AMD,  AMB, AD, ST et SD. ",,,"702d4338-6ed5-4e2c-8aba-32027024f842","2019-11-20T18:23:13",,,,,,,,,,,,,,,,,,,,,,,,,,,,,,,,,1,12,,"12_1008","2019-11-20",,,1203,"Dakar"
,"DTK","2019-11-20T12:23:00.000Z","14.761723333333334 -17.38407833333333 7.1 4.8",14.7617233333333,-17.3840783333333,7.1,4.8,3,0,15,0,0,15,0,15,,,15,0,,,,,,,,,,,,8,3,2,1,1,,,,12,0,0,1,2,,,,15,0,0,0,0,,,,1,13,1,,,,,,,,,,,,11,4,0,0,0,,,,10,3,2,0,0,,,15,0,0,,,,8,3,3,0,1,,,,,,,,,,,,15,0,0,,15,0,0,0,,,14,1,0,0,,,13,2,0,0,,0,15,,,,,,,,,,,,12,1,1,0,1,,,,12,1,1,0,1,,,,15,0,0,0,0,,,,,,,,,,,,15,0,0,0,0,,,,5,3,6,1,0,,,,12,2,1,0,0,,,,,,,,,,0,15,"Demande s'il y aura un suivi pour le projet.","AMD,  AMB,  AD, ST et SD.",,,"7686a29d-4c61-42bb-9797-73956f8b1eb8","2019-11-20T18:23:14",,,,,,,,,,,,,,,,,,,,,,,,,,,,,,,,,1,12,,"12_1009","2019-11-20",,,1203,"Dakar"
,"DTKMousdalipha2","2019-11-21T10:40:00.000Z","14.764048333333335 -17.3859 15.0 4.7",14.7640483333333,-17.3859,15,4.7,3,0,15,1,15,0,15,0,,,15,0,,,,,,,,,,,,13,0,0,1,1,,,,6,0,6,2,1,,,,15,0,0,0,0,,,,4,11,0,,,,,,,,,,,,15,0,0,0,0,,,,6,9,0,0,0,,,15,0,0,,,,9,2,3,1,0,,,,,,,,,,,,14,0,1,,15,0,0,0,,,15,0,0,0,,,14,1,0,0,,15,0,,,,,,,,,,,,8,3,1,3,0,,,,9,1,4,1,0,,,,15,0,0,0,0,,,,,,,,,,,,14,1,0,0,0,,,,10,4,1,0,0,,,,9,4,0,0,2,,,,,,,,,,15,0,"Manque d'ouvrages d'assainissement,  Existence de la vidange manuelle. ","AMD,  A MB,  ST,  TD et AD. ",,,"50be2463-671c-4479-809e-e8a9c12a2934","2019-11-21T15:04:40",,,,,,,,,,,,,,,,,,,,,,,,,,,,,,,,,1,12,,"12_1010","2019-11-21",,,1203,"Dakar"
,"DTKMousdalipha2","2019-11-21T12:04:00.000Z","14.764005000000001 -17.385898333333333 12.1 4.1",14.764005,-17.3858983333333,12.1,4.1,3,0,15,0,0,15,0,15,,,15,0,,,,,,,,,,,,8,4,1,2,0,,,,8,4,2,1,0,,,,15,0,0,0,0,,,,1,14,0,,,,,,,,,,,,12,3,0,0,0,,,,4,6,4,1,0,,,12,0,3,,,,7,4,3,1,0,,,,,,,,,,,,15,0,0,,15,0,0,0,,,14,1,0,0,,,15,0,0,0,,0,15,,,,,,,,,,,,8,4,0,2,1,,,,8,5,1,1,0,,,,15,0,0,0,0,,,,,,,,,,,,11,3,0,0,1,,,,7,8,0,0,0,,,,6,7,1,0,1,,,,,,,,,,0,15,"Infiltration de la nappe phratique dans l'eau du robinet,  manque d'assainissement,  enclavement, inondations,  vidange manuelle,  dépôts sauvages d'ordures. ","AMD, AMB, AD, ST et TD. ",,,"352b6cbb-eccb-4fdc-8dab-4fae3f30ace3","2019-11-21T15:04:41",,,,,,,,,,,,,,,,,,,,,,,,,,,,,,,,,1,12,,"12_1011","2019-11-21",,,1203,"Dakar"
,"RufisqueEstArafat3Kippbi","2019-11-22T11:06:00.000Z","14.720210000000002 -17.259241666666664 73.6 5.0",14.72021,-17.2592416666667,73.6,5,4,0,15,1,15,0,15,0,,,15,0,,,,,,,,,,,,14,0,0,0,1,,,,7,1,3,1,3,,,,13,0,0,2,0,,,,8,7,0,,,,,,,,,,,,10,3,2,0,0,,,,6,5,4,0,0,,,13,0,2,,,,4,1,9,1,0,,,,,,,,,,,,15,0,0,,15,0,0,0,,,15,0,0,0,,,11,4,0,0,,15,0,,,,,,,,,,,,13,1,0,1,0,,,,10,1,1,3,0,,,,15,0,0,0,0,,,,,,,,,,,,14,0,1,0,0,,,,12,3,0,0,0,,,,12,0,1,2,0,,,,,,,,,,15,0,"Nécessité d'avoir des ouvrages d'évacuation des eaux usées,  dépôts d'ordures sauvages. ","AMD,  AMB, AD, TD et ST. ",,,"c72c1edc-ccc1-418c-a81a-4ab664c0dbe5","2019-11-22T15:51:08",,,,,,,,,,,,,,,,,,,,,,,,,,,,,,,,,1,12,,"12_1012","2019-11-22",,,1204,"Dakar"
,"RufisqueEstArafat3KippBi","2019-11-22T12:07:00.000Z","14.720493333333332 -17.26034333333333 -42.7 5.0",14.7204933333333,-17.2603433333333,-42.7,5,4,0,15,0,0,15,0,15,,,15,0,,,,,,,,,,,,14,1,0,0,0,,,,10,1,1,3,0,,,,13,1,0,1,0,,,,1,13,1,,,,,,,,,,,,5,5,1,0,0,,,,1,9,5,0,0,,,13,2,0,,,,3,3,8,1,0,,,,,,,,,,,,15,0,0,,15,0,0,0,,,15,0,0,0,,,13,2,0,0,,0,15,,,,,,,,,,,,14,1,0,0,0,,,,11,0,1,3,0,,,,15,0,0,0,0,,,,,,,,,,,,12,2,1,0,0,,,,9,1,5,0,0,,,,11,3,1,0,0,,,,,,,,,,0,15,"Dépassement de capacité des toilettes dans les foyers, nécessité de construire une passerelle,  connexion illégale sur le réseau d'égout public. ","AMD,  AMB, AD, TD et ST. ",,,"7de61e96-465f-4926-9ca0-3bc1f0d9a70e","2019-11-22T15:51:09",,,,,,,,,,,,,,,,,,,,,,,,,,,,,,,,,1,12,,"12_1013","2019-11-22",,,1204,"Dakar"
,"RufisqueEstArafat3B","2019-11-25T10:24:00.000Z","14.723899999999999 -17.258546666666668 80.8 4.8",14.7239,-17.2585466666667,80.8,4.8,4,0,15,1,15,0,15,0,,,15,0,,,,,,,,,,,,15,0,0,0,0,,,,15,0,0,0,0,,,,15,0,0,0,0,,,,3,12,0,,,,,,,,,,,,15,0,0,0,0,,,,9,4,2,0,0,,,15,0,0,,,,10,0,4,1,0,,,,,,,,,,,,15,0,0,,15,0,0,0,,,15,0,0,0,,,15,0,0,0,,15,0,,,,,,,,,,,,15,0,0,0,0,,,,15,0,0,0,0,,,,15,0,0,0,0,,,,,,,,,,,,11,0,3,1,0,,,,9,3,2,1,0,,,,15,0,0,0,0,,,,,,,,,,15,0,"Absence d'assainissement dans le quartier, fosses toujours remplies,  Besoin de grilles avaloirs,  d'égouts,  de canalisations pour évacuer les eaux. ","AMD, AMB, AD, ST et TD. ",,,"f0a8e1cf-105a-4fb2-8c47-0c0fd89d1c48","2019-11-25T11:11:10",,,,,,,,,,,,,,,,,,,,,,,,,,,,,,,,,1,12,,"12_1014","2019-11-25",,,1204,"Dakar"
,"RufisqueEstArafat3B","2019-11-25T11:22:00.000Z","14.723816666666668 -17.258581666666664 1.6 4.9",14.7238166666667,-17.2585816666667,1.6,4.9,4,0,15,0,0,15,0,15,,,15,0,,,,,,,,,,,,10,3,1,0,1,,,,9,3,1,1,1,,,,13,2,0,0,0,,,,1,14,0,,,,,,,,,,,,6,7,0,0,2,,,,0,7,7,0,1,,,15,0,0,,,,3,0,10,2,0,,,,,,,,,,,,14,1,0,,13,1,1,0,,,11,2,1,1,,,11,2,0,2,,0,15,,,,,,,,,,,,10,2,2,0,1,,,,9,4,1,0,1,,,,15,0,0,0,0,,,,,,,,,,,,6,8,0,0,1,,,,4,6,3,1,1,,,,2,7,3,2,1,,,,,,,,,,0,15,"Dépôts sauvages d'ordures dans le quartier,  Nécessité de traiter les eaux usées,  de faire des prélèvements périodiques de l'eau potable pour analyse. ","AMD, AMB,  AD,  TD et ST. ",,,"f1766ac1-8585-4a55-b5b3-ceb0d2e8cffe","2019-11-25T13:17:39",,,,,,,,,,,,,,,,,,,,,,,,,,,,,,,,,1,12,,"12_1015","2019-11-25",,,1204,"Dakar"
,"Sicap Liberté 1","2019-11-26T11:45:00.000Z","14.713458333333332 -17.458113333333333 -13.1 5.0",14.7134583333333,-17.4581133333333,-13.1,5,5,0,15,0,0,15,0,15,,,15,0,,,,,,,,,,,,2,0,4,9,0,,,,0,0,4,11,0,,,,14,0,0,1,0,,,,1,12,2,,,,,,,,,,,,12,1,2,0,0,,,,4,1,10,0,0,,,13,0,2,,,,3,1,7,4,0,,,,,,,,,,,,15,0,0,,13,2,0,0,,,13,2,0,0,,,10,5,0,0,,0,15,,,,,,,,,,,,1,0,3,10,1,,,,0,0,5,10,0,,,,15,0,0,0,0,,,,,,,,,,,,12,1,2,0,0,,,,3,1,8,1,2,,,,3,1,6,3,2,,,,,,,,,,0,15,"Terme de référence exigée avant de signer le consentement, demande qu on ajoute la gestion des déchets dans le programme du projet ","AMD, AMB, AD, TD ",,,"6a8f54d1-58da-448b-b335-1931c39f333d","2019-11-26T13:59:26",,,,,,,,,,,,,,,,,,,,,,,,,,,,,,,,,1,12,,"12_1016","2019-11-26",,,1205,"Dakar"
,"Sicap Liberté 1","2019-11-26T10:05:00.000Z","14.713366666666666 -17.458051666666666 -10.2 4.8",14.7133666666667,-17.4580516666667,-10.2,4.8,5,0,15,1,15,0,15,0,,,15,0,,,,,,,,,,,,0,0,0,10,5,,,,0,0,0,9,6,,,,11,0,0,1,3,,,,2,10,3,,,,,,,,,,,,7,2,2,1,3,,,,1,1,7,3,3,,,11,0,4,,,,0,0,4,9,2,,,,,,,,,,,,12,0,3,,12,0,2,1,,,12,0,3,0,,,2,10,3,0,,15,0,,,,,,,,,,,,0,0,0,9,6,,,,0,0,0,9,6,,,,11,0,0,0,4,,,,,,,,,,,,5,2,3,0,5,,,,2,2,5,3,3,,,,1,0,4,5,5,,,,,,,,,,15,0,"Gestion des déchets, assainir les espaces publics, éclairage public, défaut de débordement des égouts pendant l hivernage, surcapacités et vieillissement des réseaux d assainissement ","AMD,  AMB, AD, TD",,,"4b8d4046-9318-4d72-890b-40d4d0e23c12","2019-11-26T13:59:57",,,,,,,,,,,,,,,,,,,,,,,,,,,,,,,,,1,12,,"12_1017","2019-11-26",,,1205,"Dakar"
,"Liberté. 2","2019-11-27T10:01:00.000Z","14.713633333333332 -17.458233333333332 98.5 4.6",14.7136333333333,-17.4582333333333,98.5,4.6,5,0,15,1,15,0,15,0,,,15,0,,,,,,,,,,,,0,2,0,11,2,,,,1,0,0,14,0,,,,15,0,0,0,0,,,,0,15,0,,,,,,,,,,,,14,0,0,0,1,,,,13,1,1,0,0,,,15,0,0,,,,7,4,1,2,1,,,,,,,,,,,,15,0,0,,15,0,0,0,,,15,0,0,0,,,0,15,0,0,,15,0,,,,,,,,,,,,0,0,0,15,0,,,,0,0,0,15,0,,,,15,0,0,0,0,,,,,,,,,,,,14,1,0,0,0,,,,10,4,0,0,1,,,,8,5,2,0,0,,,,,,,,,,15,0,"la surcapacité et le Vieillissement du réseau d assainissement qui bouche tout le temps . revoir le réseau de la sicap. renforcer la capacité des communautés sur l éducation environnementale  ","AM D. A MB. A D. T D",,,"d4153f83-917b-4dbf-ba5a-7077b2edf037","2019-11-27T13:12:07",,,,,,,,,,,,,,,,,,,,,,,,,,,,,,,,,1,12,,"12_1018","2019-11-27",,,1205,"Dakar"
,"Liberté 2","2019-11-27T11:13:00.000Z","14.713486666666665 -17.45806 23.9 4.8",14.7134866666667,-17.45806,23.9,4.8,5,0,15,0,0,15,0,15,,,15,0,,,,,,,,,,,,0,1,2,10,2,,,,0,0,2,12,1,,,,12,0,1,1,1,,,,3,11,1,,,,,,,,,,,,10,4,1,0,0,,,,1,9,4,1,0,,,15,0,0,,,,2,3,6,4,0,,,,,,,,,,,,15,0,0,,15,0,0,0,,,15,0,0,0,,,1,14,0,0,,0,15,,,,,,,,,,,,0,0,1,14,0,,,,0,0,0,15,0,,,,12,1,0,2,0,,,,,,,,,,,,8,6,1,0,0,,,,0,5,8,2,0,,,,1,2,7,5,0,,,,,,,,,,0,15,"le surpeuplement de la sicap, les égouts sont souvent bouchés, le problème des ordures ménagères. La réhabilitation des espaces publics revoir le réseau de la sicap, augmenter l éclairage public. ","AM D.  A MB.  A D.  T D. ",,,"abe5f5c0-897a-4b46-9718-32176cbd3146","2019-11-27T13:12:08",,,,,,,,,,,,,,,,,,,,,,,,,,,,,,,,,1,12,,"12_1019","2019-11-27",,,1205,"Dakar"
