lab_start_dt,lab_sample_type,lab_id,lab_id_val,lab_processing,lab_incubator_placed,lab_incubator_removed,lab_p_weight,lab_sf_weight,lab_pa_weight,lab_1_group/lab_1_dil_tested,lab_1_group/lab_1_volume,lab_1_ecoli_reading_idexx,lab_1_ecoli_big_idexx,lab_1_ecoli_small_idexx,lab_2_group/lab_2_dil_tested,lab_2_group/lab_2_volume,lab_2_ecoli_reading_idexx,lab_2_ecoli_big_idexx,lab_2_ecoli_small_idexx,lab_3_dilution_performed,lab_3_group/lab_3_dil_tested,lab_3_group/lab_3_volume,lab_3_ecoli_reading_idexx,lab_3_ecoli_big_idexx,lab_3_ecoli_small_idexx,lab_notes,lab_enum,lab_photo,lab_end_dt,col_start_dt,col_end_dt,meta/instanceID,_uuid,_submission_time,_tags,_notes
2019-10-10T14:06:38.000+02:00,10,1800,1800,2019-10-07T11:53:00.000+02:00,2019-10-07T12:41:00.000+02:00,2019-10-08T14:00:00.000+02:00,n/a,65.7,n/a,7,10,2,0,0,7,1,2,0,0,1,6,1,2,0,0,n/a,wilson,0,2019-10-10T14:11:42.000+02:00,2019-10-10T14:06:38.000+02:00,2019-10-10T14:11:42.000+02:00,uuid:d9a5a678-beee-4318-ad55-8cfc45b3d1f6,d9a5a678-beee-4318-ad55-8cfc45b3d1f6,2019-10-10T12:10:20,,
2019-10-10T14:11:42.000+02:00,10,1801,1801,2019-10-07T11:53:00.000+02:00,2019-10-07T12:41:00.000+02:00,2019-10-08T14:00:00.000+02:00,n/a,70,n/a,7,10,2,0,0,7,1,2,0,0,1,6,1,2,0,0,n/a,wilson,0,2019-10-10T14:13:59.000+02:00,2019-10-10T14:11:42.000+02:00,2019-10-10T14:13:59.000+02:00,uuid:581af354-8cf4-4f14-b93c-8f53e0b10308,581af354-8cf4-4f14-b93c-8f53e0b10308,2019-10-10T12:12:36,,
2019-10-10T14:13:59.000+02:00,8,1601,1601,2019-10-07T11:53:00.000+02:00,2019-10-07T13:30:00.000+02:00,2019-10-08T14:00:00.000+02:00,n/a,n/a,192.8,7,1,2,34,12,6,1,2,8,2,1,5,1,2,1,0,n/a,dorcas,0,2019-10-10T14:16:37.000+02:00,2019-10-10T14:13:59.000+02:00,2019-10-10T14:16:37.000+02:00,uuid:323e8adf-dc0d-4207-924a-e9754d95aad9,323e8adf-dc0d-4207-924a-e9754d95aad9,2019-10-10T12:15:13,,
2019-10-10T14:16:37.000+02:00,8,1600,1600,2019-10-07T11:53:00.000+02:00,2019-10-07T13:30:00.000+02:00,2019-10-08T14:00:00.000+02:00,n/a,n/a,442,7,1,2,0,0,6,1,2,0,0,1,5,1,2,0,0,n/a,dorcas,0,2019-10-10T14:18:23.000+02:00,2019-10-10T14:16:37.000+02:00,2019-10-10T14:18:23.000+02:00,uuid:aff92baa-701d-405b-a088-c207313c13a9,aff92baa-701d-405b-a088-c207313c13a9,2019-10-10T12:17:01,,
2019-10-10T14:18:23.000+02:00,7,1500,1500,2019-10-07T11:53:00.000+02:00,2019-10-07T13:09:00.000+02:00,2019-10-08T14:00:00.000+02:00,n/a,n/a,n/a,7,10,2,0,0,6,1,2,0,0,0,n/a,n/a,n/a,n/a,n/a,n/a,dorcas,0,2019-10-10T14:20:31.000+02:00,2019-10-10T14:18:23.000+02:00,2019-10-10T14:20:31.000+02:00,uuid:4a998835-cbd2-406a-8df1-b3b45f34e773,4a998835-cbd2-406a-8df1-b3b45f34e773,2019-10-10T12:20:11,,
2019-10-10T14:20:31.000+02:00,7,1501,1501,2019-10-07T11:53:00.000+02:00,2019-10-07T13:09:00.000+02:00,2019-10-08T14:00:00.000+02:00,n/a,n/a,n/a,7,10,2,0,0,6,1,2,0,0,0,n/a,n/a,n/a,n/a,n/a,n/a,dorcas,0,2019-10-10T14:24:28.000+02:00,2019-10-10T14:20:31.000+02:00,2019-10-10T14:24:28.000+02:00,uuid:a351ea99-c992-4292-842f-468fc11dfb08,a351ea99-c992-4292-842f-468fc11dfb08,2019-10-10T12:23:06,,
2019-10-10T14:24:28.000+02:00,2,1701,1701,2019-10-07T11:53:00.000+02:00,2019-10-07T13:00:00.000+02:00,2019-10-08T14:00:00.000+02:00,332,n/a,n/a,7,10,2,0,0,7,1,2,0,0,1,6,1,2,0,0,n/a,dorcas,0,2019-10-10T14:26:48.000+02:00,2019-10-10T14:24:28.000+02:00,2019-10-10T14:26:48.000+02:00,uuid:2a7db688-13af-45c2-8bdd-7233394e031e,2a7db688-13af-45c2-8bdd-7233394e031e,2019-10-10T12:25:25,,
2019-10-10T14:26:48.000+02:00,2,1700,1700,2019-10-07T11:53:00.000+02:00,2019-10-07T13:00:00.000+02:00,2019-10-08T14:00:00.000+02:00,77.91,n/a,n/a,7,10,2,0,0,7,1,2,0,0,1,6,1,2,0,0,n/a,dorcas,0,2019-10-10T14:28:32.000+02:00,2019-10-10T14:26:48.000+02:00,2019-10-10T14:28:32.000+02:00,uuid:8afd746c-5000-4887-bad2-0f722add2e6d,8afd746c-5000-4887-bad2-0f722add2e6d,2019-10-10T12:27:10,,
2019-10-10T14:28:32.000+02:00,1,1401,1401,2019-10-07T11:53:00.000+02:00,2019-10-07T12:33:00.000+02:00,2019-10-08T14:00:00.000+02:00,n/a,n/a,n/a,4,1,2,0,0,3,1,2,0,0,0,n/a,n/a,n/a,n/a,n/a,n/a,wilson,0,2019-10-10T14:30:19.000+02:00,2019-10-10T14:28:32.000+02:00,2019-10-10T14:30:19.000+02:00,uuid:6b058dde-7886-4e7d-aa99-a4e4ed7fd1a0,6b058dde-7886-4e7d-aa99-a4e4ed7fd1a0,2019-10-10T12:28:57,,
2019-10-10T14:30:19.000+02:00,1,1400,1400,2019-10-07T11:53:00.000+02:00,2019-10-07T12:33:00.000+02:00,2019-10-08T14:00:00.000+02:00,n/a,n/a,n/a,4,1,2,2,0,3,1,2,0,0,0,n/a,n/a,n/a,n/a,n/a,n/a,wilson,0,2019-10-10T14:31:28.000+02:00,2019-10-10T14:30:19.000+02:00,2019-10-10T14:31:28.000+02:00,uuid:7e828fae-d0d1-4643-bc54-030f1368f0da,7e828fae-d0d1-4643-bc54-030f1368f0da,2019-10-10T12:30:05,,
2019-10-10T14:31:28.000+02:00,3,1101,1101,2019-10-07T11:53:00.000+02:00,2019-10-07T13:13:00.000+02:00,2019-10-08T14:00:00.000+02:00,n/a,n/a,n/a,7,100,2,0,0,7,10,2,0,0,0,n/a,n/a,n/a,n/a,n/a,n/a,annet,0,2019-10-10T14:32:44.000+02:00,2019-10-10T14:31:28.000+02:00,2019-10-10T14:32:44.000+02:00,uuid:3d43f615-3ea5-47a6-9e74-20b6368b48be,3d43f615-3ea5-47a6-9e74-20b6368b48be,2019-10-10T12:31:22,,
2019-10-10T14:32:44.000+02:00,3,1100,1100,2019-10-07T11:53:00.000+02:00,2019-10-07T13:13:00.000+02:00,2019-10-08T14:00:00.000+02:00,n/a,n/a,n/a,7,100,2,0,0,7,10,2,0,0,0,n/a,n/a,n/a,n/a,n/a,n/a,annet,0,2019-10-10T14:33:52.000+02:00,2019-10-10T14:32:44.000+02:00,2019-10-10T14:33:52.000+02:00,uuid:fff5ae56-7341-44c6-8304-c01f7703e7ce,fff5ae56-7341-44c6-8304-c01f7703e7ce,2019-10-10T12:32:30,,
2019-10-10T14:33:52.000+02:00,11,1300,1300,2019-10-07T11:53:00.000+02:00,2019-10-07T12:22:00.000+02:00,2019-10-08T14:00:00.000+02:00,n/a,n/a,n/a,7,100,2,2,0,7,10,2,0,0,0,n/a,n/a,n/a,n/a,n/a,n/a,annet,0,2019-10-10T14:35:08.000+02:00,2019-10-10T14:33:52.000+02:00,2019-10-10T14:35:08.000+02:00,uuid:6bf44e78-86c4-4a32-acae-7e5d0e4486c1,6bf44e78-86c4-4a32-acae-7e5d0e4486c1,2019-10-10T12:33:46,,
2019-10-10T14:35:08.000+02:00,5,1901,1901,2019-10-07T11:53:00.000+02:00,2019-10-07T12:49:00.000+02:00,2019-10-07T14:00:00.000+02:00,n/a,n/a,n/a,7,10,2,47,17,7,1,2,17,4,0,n/a,n/a,n/a,n/a,n/a,n/a,annet,0,2019-10-10T14:36:48.000+02:00,2019-10-10T14:35:08.000+02:00,2019-10-10T14:36:48.000+02:00,uuid:2ff72939-6c87-466e-b6b6-4c9ff9b5d318,2ff72939-6c87-466e-b6b6-4c9ff9b5d318,2019-10-10T12:35:25,,
2019-10-10T14:36:48.000+02:00,5,1900,1900,2019-10-07T11:53:00.000+02:00,2019-10-07T12:49:00.000+02:00,2019-10-08T14:00:00.000+02:00,n/a,n/a,n/a,7,10,2,49,46,7,1,2,48,9,0,n/a,n/a,n/a,n/a,n/a,n/a,annet,0,2019-10-10T14:38:13.000+02:00,2019-10-10T14:36:48.000+02:00,2019-10-10T14:38:13.000+02:00,uuid:eb48e1e9-b73c-4c54-bdc2-2b50b7e7f16f,eb48e1e9-b73c-4c54-bdc2-2b50b7e7f16f,2019-10-10T12:36:51,,
2019-10-10T14:38:13.000+02:00,10,1802,1802,2019-10-08T10:59:00.000+02:00,2019-10-08T12:49:00.000+02:00,2019-10-09T13:09:00.000+02:00,n/a,97.21,n/a,7,10,2,0,0,7,1,2,0,0,1,6,1,2,0,0,n/a,dorcas,0,2019-10-10T14:44:31.000+02:00,2019-10-10T14:38:13.000+02:00,2019-10-10T14:44:31.000+02:00,uuid:a76fe8a4-0d9c-45f8-8a69-6d9de8a48975,a76fe8a4-0d9c-45f8-8a69-6d9de8a48975,2019-10-10T12:43:09,,
2019-10-10T14:44:31.000+02:00,10,1803,1803,2019-10-08T10:59:00.000+02:00,2019-10-08T12:49:00.000+02:00,2019-10-09T13:09:00.000+02:00,n/a,76.34,n/a,7,10,2,0,0,7,1,2,0,0,1,6,1,2,0,0,n/a,dorcas,0,2019-10-10T14:46:00.000+02:00,2019-10-10T14:44:31.000+02:00,2019-10-10T14:46:00.000+02:00,uuid:f087b0d5-4d73-4d3a-8a35-09d4fd14bba5,f087b0d5-4d73-4d3a-8a35-09d4fd14bba5,2019-10-10T12:44:38,,
2019-10-10T14:46:00.000+02:00,8,1602,1602,2019-10-08T10:59:00.000+02:00,2019-10-08T12:49:00.000+02:00,2019-10-09T13:09:00.000+02:00,n/a,n/a,260.03,7,1,2,12,2,6,1,2,0,0,1,5,1,2,0,0,n/a,dorcas,0,2019-10-10T14:47:40.000+02:00,2019-10-10T14:46:00.000+02:00,2019-10-10T14:47:40.000+02:00,uuid:2175aa3f-977e-4acf-b8d4-16013f5501a9,2175aa3f-977e-4acf-b8d4-16013f5501a9,2019-10-10T12:46:17,,
2019-10-10T14:47:40.000+02:00,8,1603,1603,2019-10-08T10:59:00.000+02:00,2019-10-08T12:49:00.000+02:00,2019-10-09T13:09:00.000+02:00,n/a,n/a,250.5,7,1,2,0,0,6,1,2,0,0,1,5,1,2,0,0,n/a,dorcas,0,2019-10-10T14:49:17.000+02:00,2019-10-10T14:47:40.000+02:00,2019-10-10T14:49:17.000+02:00,uuid:5ca7f5d6-0e1f-4688-9554-bc623c692441,5ca7f5d6-0e1f-4688-9554-bc623c692441,2019-10-10T12:47:54,,
2019-10-10T14:49:17.000+02:00,7,1503,1503,2019-10-08T10:59:00.000+02:00,2019-10-08T12:49:00.000+02:00,2019-10-09T13:09:00.000+02:00,n/a,n/a,n/a,7,10,2,1,0,6,1,2,0,0,0,n/a,n/a,n/a,n/a,n/a,n/a,wilson,0,2019-10-10T14:51:32.000+02:00,2019-10-10T14:49:17.000+02:00,2019-10-10T14:51:32.000+02:00,uuid:20c78a15-7489-4724-8e2f-35f424e16dac,20c78a15-7489-4724-8e2f-35f424e16dac,2019-10-10T12:50:09,,
2019-10-10T14:51:32.000+02:00,7,1502,1502,2019-10-08T10:59:00.000+02:00,2019-10-08T12:49:00.000+02:00,2019-10-09T13:09:00.000+02:00,n/a,n/a,n/a,7,10,2,0,0,6,1,2,0,0,0,n/a,n/a,n/a,n/a,n/a,n/a,wilson,0,2019-10-10T14:52:43.000+02:00,2019-10-10T14:51:32.000+02:00,2019-10-10T14:52:43.000+02:00,uuid:3acd4be5-f472-4ff9-b317-103e7dd4dfbf,3acd4be5-f472-4ff9-b317-103e7dd4dfbf,2019-10-10T12:51:21,,
2019-10-10T14:52:43.000+02:00,2,1703,1703,2019-10-08T10:59:00.000+02:00,2019-10-08T12:49:00.000+02:00,2019-10-09T13:09:00.000+02:00,126.88,n/a,n/a,7,10,2,0,0,7,1,2,0,0,1,6,1,2,0,0,n/a,annet,0,2019-10-10T14:54:17.000+02:00,2019-10-10T14:52:43.000+02:00,2019-10-10T14:54:17.000+02:00,uuid:b2e6bc1b-925a-4545-82aa-dfcf95bd7a0d,b2e6bc1b-925a-4545-82aa-dfcf95bd7a0d,2019-10-10T12:52:55,,
2019-10-10T14:54:17.000+02:00,2,1702,1702,2019-10-08T10:58:00.000+02:00,2019-10-08T12:49:00.000+02:00,2019-10-09T13:09:00.000+02:00,152.08,n/a,n/a,7,10,2,0,0,7,1,2,0,0,1,6,1,2,0,0,n/a,wilson,0,2019-10-10T14:55:52.000+02:00,2019-10-10T14:54:17.000+02:00,2019-10-10T14:55:52.000+02:00,uuid:f0be9210-10a3-42ca-b9f3-c008194798ba,f0be9210-10a3-42ca-b9f3-c008194798ba,2019-10-10T12:54:30,,
2019-10-10T14:55:52.000+02:00,1,1402,1402,2019-10-08T10:59:00.000+02:00,2019-10-08T12:49:00.000+02:00,2019-10-09T13:09:00.000+02:00,n/a,n/a,n/a,4,1,2,0,0,3,1,2,0,0,0,n/a,n/a,n/a,n/a,n/a,n/a,wilson,0,2019-10-10T14:57:16.000+02:00,2019-10-10T14:55:52.000+02:00,2019-10-10T14:57:16.000+02:00,uuid:552cf2ce-93a2-42ba-948a-d2e4d457895d,552cf2ce-93a2-42ba-948a-d2e4d457895d,2019-10-10T12:55:54,,
2019-10-10T14:57:16.000+02:00,1,1403,1403,2019-10-08T10:58:00.000+02:00,2019-10-08T12:49:00.000+02:00,2019-10-09T13:09:00.000+02:00,n/a,n/a,n/a,4,1,2,23,12,3,1,2,4,2,0,n/a,n/a,n/a,n/a,n/a,n/a,wilson,0,2019-10-10T15:02:28.000+02:00,2019-10-10T14:57:16.000+02:00,2019-10-10T15:02:28.000+02:00,uuid:de817085-4954-42af-a7ae-5ab37e810bbb,de817085-4954-42af-a7ae-5ab37e810bbb,2019-10-10T13:01:06,,
2019-10-10T15:02:28.000+02:00,3,1103,1103,2019-10-08T10:58:00.000+02:00,2019-10-08T12:49:00.000+02:00,2019-10-09T13:09:00.000+02:00,n/a,n/a,n/a,7,100,2,0,0,7,10,2,0,0,0,n/a,n/a,n/a,n/a,n/a,n/a,annet,0,2019-10-10T15:03:59.000+02:00,2019-10-10T15:02:28.000+02:00,2019-10-10T15:03:59.000+02:00,uuid:223e1e11-2e63-4658-8b32-c3d9dc694f13,223e1e11-2e63-4658-8b32-c3d9dc694f13,2019-10-10T13:02:38,,
2019-10-10T15:03:59.000+02:00,3,1102,1102,2019-10-08T10:59:00.000+02:00,2019-10-08T12:49:00.000+02:00,2019-10-09T13:09:00.000+02:00,n/a,n/a,n/a,7,100,2,0,0,7,10,2,0,0,0,n/a,n/a,n/a,n/a,n/a,n/a,annet,0,2019-10-10T15:05:26.000+02:00,2019-10-10T15:03:59.000+02:00,2019-10-10T15:05:26.000+02:00,uuid:653d1e37-2cae-4be8-b8e8-56471a0bf096,653d1e37-2cae-4be8-b8e8-56471a0bf096,2019-10-10T13:04:04,,
2019-10-10T15:05:26.000+02:00,11,1301,1301,2019-10-08T10:59:00.000+02:00,2019-10-08T12:49:00.000+02:00,2019-10-09T13:09:00.000+02:00,n/a,n/a,n/a,7,100,2,0,0,7,10,2,0,0,0,n/a,n/a,n/a,n/a,n/a,n/a,annet,0,2019-11-01T08:12:22.000-04:00,2019-10-10T15:05:26.000+02:00,2019-11-01T08:12:22.000-04:00,uuid:8fb4ad47-421f-4601-bc4c-c4874caf3267,8fb4ad47-421f-4601-bc4c-c4874caf3267,2019-10-10T13:05:23,,
2019-10-10T15:06:46.000+02:00,11,1303,1303,2019-10-08T10:59:00.000+02:00,2019-10-08T12:49:00.000+02:00,2019-10-09T13:09:00.000+02:00,n/a,n/a,n/a,7,100,2,0,0,7,10,2,0,0,0,n/a,n/a,n/a,n/a,n/a,n/a,annet,0,2019-10-10T15:08:10.000+02:00,2019-10-10T15:06:46.000+02:00,2019-10-10T15:08:10.000+02:00,uuid:ad3aff1e-adbf-4034-bd0f-f150b5d81417,ad3aff1e-adbf-4034-bd0f-f150b5d81417,2019-10-10T13:06:48,,
2019-10-10T15:08:11.000+02:00,5,1902,1902,2019-10-08T10:58:00.000+02:00,2019-10-08T12:49:00.000+02:00,2019-10-09T13:09:00.000+02:00,n/a,n/a,n/a,7,10,2,49,47,7,1,2,48,18,0,n/a,n/a,n/a,n/a,n/a,n/a,annet,0,2019-10-10T15:21:56.000+02:00,2019-10-10T15:08:11.000+02:00,2019-10-10T15:21:56.000+02:00,uuid:596c18fd-2aab-4fd0-b150-7651c72b3ec9,596c18fd-2aab-4fd0-b150-7651c72b3ec9,2019-10-10T13:20:34,,
2019-10-10T15:21:56.000+02:00,5,1903,1903,2019-10-08T10:58:00.000+02:00,2019-10-08T12:49:00.000+02:00,2019-10-09T13:09:00.000+02:00,n/a,n/a,n/a,7,10,2,49,48,7,1,2,49,47,0,n/a,n/a,n/a,n/a,n/a,n/a,annet,0,2019-10-10T15:23:49.000+02:00,2019-10-10T15:21:56.000+02:00,2019-10-10T15:23:49.000+02:00,uuid:884cf5c0-a2ed-4d00-b835-bde391108793,884cf5c0-a2ed-4d00-b835-bde391108793,2019-10-10T13:22:27,,
2019-10-10T15:23:49.000+02:00,1,1404,1404,2019-10-09T11:22:00.000+02:00,2019-10-09T12:49:00.000+02:00,2019-10-10T13:00:00.000+02:00,n/a,n/a,n/a,4,1,2,0,0,3,1,2,0,0,0,n/a,n/a,n/a,n/a,n/a,n/a,dorcas,0,2019-10-10T15:32:15.000+02:00,2019-10-10T15:23:49.000+02:00,2019-10-10T15:32:15.000+02:00,uuid:60968108-bbb2-45a7-a0c2-7d1a50e456b0,60968108-bbb2-45a7-a0c2-7d1a50e456b0,2019-10-10T13:30:53,,
2019-10-10T15:32:15.000+02:00,1,1405,1405,2019-10-09T11:22:00.000+02:00,2019-10-09T12:49:00.000+02:00,2019-10-10T13:00:00.000+02:00,n/a,n/a,n/a,4,1,2,0,0,3,1,2,0,0,0,n/a,n/a,n/a,n/a,n/a,n/a,dorcas,0,2019-10-10T15:34:05.000+02:00,2019-10-10T15:32:15.000+02:00,2019-10-10T15:34:05.000+02:00,uuid:c6af8e48-7d3f-4daf-8697-31e16a4c8dbb,c6af8e48-7d3f-4daf-8697-31e16a4c8dbb,2019-10-10T13:32:42,,
2019-10-10T15:34:05.000+02:00,2,1704,1704,2019-10-09T11:22:00.000+02:00,2019-10-09T12:49:00.000+02:00,2019-10-10T13:00:00.000+02:00,155,n/a,n/a,7,10,2,0,0,7,1,2,0,0,1,6,1,2,0,0,n/a,wilson,0,2019-10-10T16:01:36.000+02:00,2019-10-10T15:34:05.000+02:00,2019-10-10T16:01:36.000+02:00,uuid:8f02addd-0f7e-433a-8702-487f0b6e09e9,8f02addd-0f7e-433a-8702-487f0b6e09e9,2019-10-10T14:00:11,,
2019-10-10T16:01:36.000+02:00,2,1705,1705,2019-10-09T11:22:00.000+02:00,2019-10-09T12:49:00.000+02:00,2019-10-10T13:00:00.000+02:00,161,n/a,n/a,7,10,2,0,0,7,1,2,0,0,1,6,1,2,0,0,n/a,wilson,0,2019-10-10T16:05:29.000+02:00,2019-10-10T16:01:36.000+02:00,2019-10-10T16:05:29.000+02:00,uuid:6bfbe71b-4c83-4511-90b9-2f2ef8550cff,6bfbe71b-4c83-4511-90b9-2f2ef8550cff,2019-10-10T14:04:07,,
2019-10-10T16:05:29.000+02:00,3,1104,1104,2019-10-09T11:22:00.000+02:00,2019-10-09T12:49:00.000+02:00,2019-10-10T13:00:00.000+02:00,n/a,n/a,n/a,7,100,2,0,0,7,10,2,0,0,0,n/a,n/a,n/a,n/a,n/a,n/a,annet,0,2019-10-10T16:06:58.000+02:00,2019-10-10T16:05:29.000+02:00,2019-10-10T16:06:58.000+02:00,uuid:a51dc31f-7eb9-46d6-aa71-7063b2c43bee,a51dc31f-7eb9-46d6-aa71-7063b2c43bee,2019-10-10T14:05:35,,
2019-10-10T16:06:58.000+02:00,3,1105,1105,2019-10-09T11:22:00.000+02:00,2019-10-09T12:49:00.000+02:00,2019-10-10T13:00:00.000+02:00,n/a,n/a,n/a,7,100,2,0,0,7,10,2,0,0,0,n/a,n/a,n/a,n/a,n/a,n/a,annet,0,2019-10-10T16:08:20.000+02:00,2019-10-10T16:06:58.000+02:00,2019-10-10T16:08:20.000+02:00,uuid:3d98e25d-cba5-4160-88dd-0ce684611e5c,3d98e25d-cba5-4160-88dd-0ce684611e5c,2019-10-10T14:06:59,,
2019-10-10T16:08:20.000+02:00,5,1905,1905,2019-10-09T11:22:00.000+02:00,2019-10-09T12:49:00.000+02:00,2019-10-10T13:00:00.000+02:00,n/a,n/a,n/a,7,10,2,6,0,7,1,2,1,0,0,n/a,n/a,n/a,n/a,n/a,n/a,dorcas,0,2019-10-10T16:10:08.000+02:00,2019-10-10T16:08:20.000+02:00,2019-10-10T16:10:08.000+02:00,uuid:674cbb8f-ee84-4bae-9456-260f61b0b7c4,674cbb8f-ee84-4bae-9456-260f61b0b7c4,2019-10-10T14:08:46,,
2019-10-10T16:10:09.000+02:00,5,1904,1904,2019-10-09T11:22:00.000+02:00,2019-10-09T12:49:00.000+02:00,2019-10-10T13:00:00.000+02:00,n/a,n/a,n/a,7,10,2,4,0,7,1,2,0,0,0,n/a,n/a,n/a,n/a,n/a,n/a,dorcas,0,2019-10-10T16:11:50.000+02:00,2019-10-10T16:10:09.000+02:00,2019-10-10T16:11:50.000+02:00,uuid:0237d17b-32dd-4216-92ae-cbd00bda7004,0237d17b-32dd-4216-92ae-cbd00bda7004,2019-10-10T14:10:28,,
2019-10-10T16:11:50.000+02:00,7,1504,1504,2019-10-09T11:22:00.000+02:00,2019-10-09T12:49:00.000+02:00,2019-10-10T13:00:00.000+02:00,n/a,n/a,n/a,7,10,2,1,0,6,1,2,0,0,0,n/a,n/a,n/a,n/a,n/a,n/a,wilson,0,2019-10-10T16:13:24.000+02:00,2019-10-10T16:11:50.000+02:00,2019-10-10T16:13:24.000+02:00,uuid:6e2d5863-4131-4350-a9a6-ca74ef5f1db5,6e2d5863-4131-4350-a9a6-ca74ef5f1db5,2019-10-10T14:12:02,,
2019-10-10T16:13:24.000+02:00,7,1505,1505,2019-10-09T11:22:00.000+02:00,2019-10-09T12:49:00.000+02:00,2019-10-10T13:00:00.000+02:00,n/a,n/a,n/a,7,10,2,0,0,7,1,2,0,0,0,n/a,n/a,n/a,n/a,n/a,n/a,wilson,0,2019-11-01T08:14:47.000-04:00,2019-10-10T16:13:24.000+02:00,2019-11-01T08:14:47.000-04:00,uuid:7c46c26b-ba55-4e33-9ee6-d10fe96ea5cb,7c46c26b-ba55-4e33-9ee6-d10fe96ea5cb,2019-10-10T14:14:00,,
2019-10-10T16:15:23.000+02:00,8,1604,1604,2019-10-09T11:22:00.000+02:00,2019-10-09T12:49:00.000+02:00,2019-10-10T13:00:00.000+02:00,n/a,n/a,390,7,1,2,0,0,6,1,2,0,0,1,5,1,2,0,0,n/a,dorcas,0,2019-10-10T16:21:09.000+02:00,2019-10-10T16:15:23.000+02:00,2019-10-10T16:21:09.000+02:00,uuid:cd64ea83-765f-44f1-80f5-ea252f9e8230,cd64ea83-765f-44f1-80f5-ea252f9e8230,2019-10-10T14:19:47,,
2019-10-10T16:21:09.000+02:00,8,1605,1605,2019-10-09T11:22:00.000+02:00,2019-10-09T12:49:00.000+02:00,2019-10-10T13:00:00.000+02:00,n/a,n/a,340,7,1,2,0,0,6,1,2,0,0,1,5,1,2,0,0,n/a,dorcas,0,2019-10-10T16:22:51.000+02:00,2019-10-10T16:21:09.000+02:00,2019-10-10T16:22:51.000+02:00,uuid:cf5534c8-eda3-4ccb-bd07-c68a44d365bc,cf5534c8-eda3-4ccb-bd07-c68a44d365bc,2019-10-10T14:21:29,,
2019-10-10T16:22:51.000+02:00,10,1805,1805,2019-10-09T11:22:00.000+02:00,2019-10-09T12:49:00.000+02:00,2019-10-10T13:00:00.000+02:00,n/a,124,n/a,7,10,2,0,0,7,1,2,0,0,1,6,1,2,0,0,n/a,wilson,0,2019-10-10T16:25:57.000+02:00,2019-10-10T16:22:51.000+02:00,2019-10-10T16:25:57.000+02:00,uuid:09a0b874-e9ef-4d2a-aad7-5e3127cba038,09a0b874-e9ef-4d2a-aad7-5e3127cba038,2019-10-10T14:24:37,,
2019-10-10T16:25:57.000+02:00,10,1804,1804,2019-10-09T11:22:00.000+02:00,2019-10-09T12:49:00.000+02:00,2019-10-10T13:00:00.000+02:00,n/a,68.08,n/a,7,10,2,0,0,7,1,2,0,0,1,6,1,2,0,0,n/a,wilson,0,2019-10-10T16:28:44.000+02:00,2019-10-10T16:25:57.000+02:00,2019-10-10T16:28:44.000+02:00,uuid:bff9823c-cf90-4683-ad17-d615c1a12a83,bff9823c-cf90-4683-ad17-d615c1a12a83,2019-10-10T14:27:22,,
2019-10-10T16:28:44.000+02:00,11,1305,1305,2019-10-09T11:22:00.000+02:00,2019-10-09T12:49:00.000+02:00,2019-10-10T13:00:00.000+02:00,n/a,n/a,n/a,7,100,2,0,0,7,10,2,0,0,0,n/a,n/a,n/a,n/a,n/a,n/a,annet,0,2019-10-10T16:30:34.000+02:00,2019-10-10T16:28:44.000+02:00,2019-10-10T16:30:34.000+02:00,uuid:e89314eb-8560-4edf-afa6-dbdd0ca17a8a,e89314eb-8560-4edf-afa6-dbdd0ca17a8a,2019-10-10T14:29:13,,
2019-10-10T16:30:35.000+02:00,11,1304,1304,2019-10-09T11:22:00.000+02:00,2019-10-09T12:49:00.000+02:00,2019-10-10T13:00:00.000+02:00,n/a,n/a,n/a,7,100,2,49,31,7,10,2,4,2,0,n/a,n/a,n/a,n/a,n/a,n/a,annet,0,2019-10-10T16:37:56.000+02:00,2019-10-10T16:30:35.000+02:00,2019-10-10T16:37:56.000+02:00,uuid:93f6334f-040c-4517-b964-a32bcf0c9fef,93f6334f-040c-4517-b964-a32bcf0c9fef,2019-10-10T14:36:34,,
2019-10-10T16:37:57.000+02:00,11,1205,1205,2019-10-09T11:22:00.000+02:00,2019-10-09T12:49:00.000+02:00,2019-10-10T13:00:00.000+02:00,n/a,n/a,n/a,7,100,2,49,45,7,10,2,10,5,0,n/a,n/a,n/a,n/a,n/a,n/a,annet,0,2019-10-10T16:45:51.000+02:00,2019-10-10T16:37:57.000+02:00,2019-10-10T16:45:51.000+02:00,uuid:eabff613-7b82-4bc1-ac4f-f7df0625bd69,eabff613-7b82-4bc1-ac4f-f7df0625bd69,2019-10-10T14:44:30,,
2019-10-10T16:45:51.000+02:00,11,1204,1204,2019-10-09T11:22:00.000+02:00,2019-10-09T12:49:00.000+02:00,2019-10-10T13:00:00.000+02:00,n/a,n/a,n/a,7,100,2,49,48,7,10,2,17,1,0,n/a,n/a,n/a,n/a,n/a,n/a,annet,0,2019-10-10T16:50:02.000+02:00,2019-10-10T16:45:51.000+02:00,2019-10-10T16:50:02.000+02:00,uuid:c6c04182-da8f-4a74-b919-629a28ca0beb,c6c04182-da8f-4a74-b919-629a28ca0beb,2019-10-10T14:48:40,,
2019-10-11T22:35:24.000+02:00,11,1309,1309,2019-10-10T12:11:00.000+02:00,2019-10-10T13:45:00.000+02:00,2019-10-11T13:58:00.000+02:00,n/a,n/a,n/a,7,100,2,49,40,7,10,2,45,9,0,n/a,n/a,n/a,n/a,n/a,n/a,Annet,0,2019-10-11T22:39:21.000+02:00,2019-10-11T22:35:24.000+02:00,2019-10-11T22:39:21.000+02:00,uuid:1aa34a48-3b5f-43f0-b68c-7f907070bbfc,1aa34a48-3b5f-43f0-b68c-7f907070bbfc,2019-10-11T20:39:26,,
2019-10-11T22:39:21.000+02:00,11,1306,1306,2019-10-10T12:11:00.000+02:00,2019-10-10T13:45:00.000+02:00,2019-10-11T13:58:00.000+02:00,n/a,n/a,n/a,7,100,2,49,43,7,10,2,44,6,0,n/a,n/a,n/a,n/a,n/a,n/a,Annet,0,2019-10-11T22:42:30.000+02:00,2019-10-11T22:39:21.000+02:00,2019-10-11T22:42:30.000+02:00,uuid:470f5de2-0ca0-4ef0-86af-f29666fb680e,470f5de2-0ca0-4ef0-86af-f29666fb680e,2019-10-11T20:42:37,,
2019-10-11T22:42:31.000+02:00,11,1206,1206,2019-10-10T12:11:00.000+02:00,2019-10-10T13:45:00.000+02:00,2019-10-11T13:58:00.000+02:00,n/a,n/a,n/a,7,100,2,49,48,7,10,2,49,13,0,n/a,n/a,n/a,n/a,n/a,n/a,Annet,0,2019-10-11T22:45:02.000+02:00,2019-10-11T22:42:31.000+02:00,2019-10-11T22:45:02.000+02:00,uuid:fa360228-6d0f-4b60-923c-586eb8e2fae1,fa360228-6d0f-4b60-923c-586eb8e2fae1,2019-10-11T20:45:07,,
2019-10-11T22:45:02.000+02:00,11,1209,1209,2019-10-10T12:11:00.000+02:00,2019-10-10T13:45:00.000+02:00,2019-10-11T13:58:00.000+02:00,n/a,n/a,n/a,7,100,2,49,48,7,10,2,49,30,0,n/a,n/a,n/a,n/a,n/a,n/a,Annet,0,2019-10-11T22:47:23.000+02:00,2019-10-11T22:45:02.000+02:00,2019-10-11T22:47:23.000+02:00,uuid:fe36a43f-d3f5-44f3-8288-0415223251ab,fe36a43f-d3f5-44f3-8288-0415223251ab,2019-10-11T20:47:29,,
2019-10-11T22:47:23.000+02:00,11,1203,1203,2019-10-10T12:11:00.000+02:00,2019-10-10T13:45:00.000+02:00,2019-10-11T13:59:00.000+02:00,n/a,n/a,n/a,7,100,2,49,48,7,10,2,49,18,0,n/a,n/a,n/a,n/a,n/a,n/a,Wilson,0,2019-10-11T22:49:33.000+02:00,2019-10-11T22:47:23.000+02:00,2019-10-11T22:49:33.000+02:00,uuid:66bd81cc-3932-44b9-b64f-beeeb029790c,66bd81cc-3932-44b9-b64f-beeeb029790c,2019-10-11T20:49:38,,
2019-10-11T22:49:34.000+02:00,11,1202,1202,2019-10-10T12:11:00.000+02:00,2019-10-10T13:45:00.000+02:00,2019-10-11T13:59:00.000+02:00,n/a,n/a,n/a,7,100,2,49,48,7,10,2,49,33,0,n/a,n/a,n/a,n/a,n/a,n/a,Wilson,0,2019-10-11T22:51:35.000+02:00,2019-10-11T22:49:34.000+02:00,2019-10-11T22:51:35.000+02:00,uuid:fb20385a-63cb-4589-8839-742c9cbe9c3c,fb20385a-63cb-4589-8839-742c9cbe9c3c,2019-10-11T20:51:40,,
2019-10-11T22:51:36.000+02:00,10,1806,1806,2019-10-10T12:11:00.000+02:00,2019-10-10T13:45:00.000+02:00,2019-10-11T13:58:00.000+02:00,n/a,27.12,n/a,7,10,2,0,0,7,1,2,0,0,1,6,1,2,0,0,n/a,Wilson,0,2019-10-11T22:53:55.000+02:00,2019-10-11T22:51:36.000+02:00,2019-10-11T22:53:55.000+02:00,uuid:41b60c5e-1387-4a1d-8a04-74a0fefafe56,41b60c5e-1387-4a1d-8a04-74a0fefafe56,2019-10-11T20:53:59,,
2019-10-11T22:53:55.000+02:00,10,1809,1809,2019-10-10T12:11:00.000+02:00,2019-10-10T13:45:00.000+02:00,2019-10-11T13:59:00.000+02:00,n/a,26.39,n/a,7,10,2,0,0,7,1,2,0,0,1,6,1,2,0,0,n/a,Wilson,0,2019-10-11T22:56:18.000+02:00,2019-10-11T22:53:55.000+02:00,2019-10-11T22:56:18.000+02:00,uuid:632fe7f8-9d7e-4d00-835b-56bd20715550,632fe7f8-9d7e-4d00-835b-56bd20715550,2019-10-11T20:56:22,,
2019-10-11T22:56:18.000+02:00,8,1606,1606,2019-10-10T12:11:00.000+02:00,2019-10-10T13:45:00.000+02:00,2019-10-11T13:59:00.000+02:00,n/a,n/a,367,7,1,2,6,1,6,1,2,0,0,1,5,1,2,0,0,n/a,Dorcas,0,2019-10-11T22:58:58.000+02:00,2019-10-11T22:56:18.000+02:00,2019-10-11T22:58:58.000+02:00,uuid:954fc5be-c03b-4cd2-945a-90323001469a,954fc5be-c03b-4cd2-945a-90323001469a,2019-10-11T20:59:02,,
2019-10-11T22:58:58.000+02:00,8,1609,1609,2019-10-10T12:11:00.000+02:00,2019-10-10T13:45:00.000+02:00,2019-10-11T13:58:00.000+02:00,n/a,n/a,22.35,7,1,2,0,0,6,1,2,0,0,1,5,1,2,0,0,n/a,Dorcas,0,2019-10-11T23:02:01.000+02:00,2019-10-11T22:58:58.000+02:00,2019-10-11T23:02:01.000+02:00,uuid:64eceb01-46e8-49e0-b8bf-66b09a1e85a2,64eceb01-46e8-49e0-b8bf-66b09a1e85a2,2019-10-11T21:02:06,,
2019-10-11T23:02:01.000+02:00,7,1506,1506,2019-10-10T12:11:00.000+02:00,2019-10-10T13:45:00.000+02:00,2019-10-11T13:58:00.000+02:00,n/a,n/a,n/a,7,10,2,2,0,7,1,2,0,0,0,n/a,n/a,n/a,n/a,n/a,n/a,Wilson,0,2019-10-11T23:03:52.000+02:00,2019-10-11T23:02:01.000+02:00,2019-10-11T23:03:52.000+02:00,uuid:9f194ff0-14a4-4a02-adc9-91c0cc597c5b,9f194ff0-14a4-4a02-adc9-91c0cc597c5b,2019-10-11T21:03:57,,
2019-10-11T23:03:53.000+02:00,7,1509,1509,2019-10-10T12:11:00.000+02:00,2019-10-10T13:45:00.000+02:00,2019-10-11T13:58:00.000+02:00,n/a,n/a,n/a,7,10,2,6,2,7,1,2,1,1,0,n/a,n/a,n/a,n/a,n/a,n/a,Wilson,0,2019-10-11T23:05:49.000+02:00,2019-10-11T23:03:53.000+02:00,2019-10-11T23:05:49.000+02:00,uuid:f6a80626-3c91-4e6d-a04f-e5fa6cde3f3d,f6a80626-3c91-4e6d-a04f-e5fa6cde3f3d,2019-10-11T21:05:55,,
2019-10-11T23:05:50.000+02:00,5,1909,1909,2019-10-10T12:11:00.000+02:00,2019-10-10T13:45:00.000+02:00,2019-10-11T13:58:00.000+02:00,n/a,n/a,n/a,7,10,2,49,21,7,1,2,37,3,0,n/a,n/a,n/a,n/a,n/a,n/a,Annet,0,2019-10-11T23:08:12.000+02:00,2019-10-11T23:05:50.000+02:00,2019-10-11T23:08:12.000+02:00,uuid:5b3d1b12-b26a-4856-9242-a924b5feaf18,5b3d1b12-b26a-4856-9242-a924b5feaf18,2019-10-11T21:08:17,,
2019-10-11T23:08:12.000+02:00,5,1906,1906,2019-10-10T12:11:00.000+02:00,2019-10-10T13:45:00.000+02:00,2019-10-11T13:58:00.000+02:00,n/a,n/a,n/a,7,10,2,45,13,7,1,2,8,0,0,n/a,n/a,n/a,n/a,n/a,n/a,Annet,0,2019-10-11T23:10:25.000+02:00,2019-10-11T23:08:12.000+02:00,2019-10-11T23:10:25.000+02:00,uuid:3cbfd038-1735-47cf-ac44-be7aceae56fa,3cbfd038-1735-47cf-ac44-be7aceae56fa,2019-10-11T21:10:29,,
2019-10-11T23:10:25.000+02:00,3,1106,1106,2019-10-10T12:11:00.000+02:00,2019-10-10T13:45:00.000+02:00,2019-10-11T13:58:00.000+02:00,n/a,n/a,n/a,7,100,2,0,0,7,10,2,0,0,0,n/a,n/a,n/a,n/a,n/a,n/a,Annet,0,2019-10-11T23:12:37.000+02:00,2019-10-11T23:10:25.000+02:00,2019-10-11T23:12:37.000+02:00,uuid:bfd5909d-240e-46d1-b118-e32c13504b64,bfd5909d-240e-46d1-b118-e32c13504b64,2019-10-11T21:12:42,,
2019-10-11T23:12:38.000+02:00,3,1109,1109,2019-10-10T12:11:00.000+02:00,2019-10-10T13:45:00.000+02:00,2019-10-11T13:58:00.000+02:00,n/a,n/a,n/a,7,100,2,0,0,7,10,2,0,0,0,n/a,n/a,n/a,n/a,n/a,n/a,Annet,0,2019-10-11T23:15:05.000+02:00,2019-10-11T23:12:38.000+02:00,2019-10-11T23:15:05.000+02:00,uuid:e8e8da56-bd40-43e1-97ec-9f98ebe8e535,e8e8da56-bd40-43e1-97ec-9f98ebe8e535,2019-10-11T21:15:11,,
2019-10-11T23:15:06.000+02:00,2,1709,1709,2019-10-10T12:11:00.000+02:00,2019-10-10T13:45:00.000+02:00,2019-10-11T13:58:00.000+02:00,171.85,n/a,n/a,7,10,2,0,0,7,1,2,0,0,1,6,1,2,0,0,n/a,Wilson hu,0,2019-10-11T23:18:19.000+02:00,2019-10-11T23:15:06.000+02:00,2019-10-11T23:18:19.000+02:00,uuid:199ea716-4e71-4fbd-a71f-3bba3cff66eb,199ea716-4e71-4fbd-a71f-3bba3cff66eb,2019-10-11T21:18:24,,
2019-10-11T23:18:19.000+02:00,2,1706,1706,2019-10-10T12:11:00.000+02:00,2019-10-10T13:45:00.000+02:00,2019-10-11T13:58:00.000+02:00,198.62,n/a,n/a,7,10,2,11,1,7,1,2,2,0,1,6,1,2,0,0,n/a,Wilson,0,2019-10-11T23:23:39.000+02:00,2019-10-11T23:18:19.000+02:00,2019-10-11T23:23:39.000+02:00,uuid:1206f7fd-a952-48f4-a3f2-b315eb407a35,1206f7fd-a952-48f4-a3f2-b315eb407a35,2019-10-11T21:23:44,,
2019-10-11T23:23:39.000+02:00,1,1406,1406,2019-10-10T12:11:00.000+02:00,2019-10-10T13:45:00.000+02:00,2019-10-11T13:58:00.000+02:00,n/a,n/a,n/a,4,1,2,3,1,3,1,2,0,0,0,n/a,n/a,n/a,n/a,n/a,n/a,Dorcas,0,2019-10-11T23:26:08.000+02:00,2019-10-11T23:23:39.000+02:00,2019-10-11T23:26:08.000+02:00,uuid:492c442c-7b9b-4620-af17-0ab02eac0e7f,492c442c-7b9b-4620-af17-0ab02eac0e7f,2019-10-11T21:26:14,,
2019-10-11T23:26:09.000+02:00,1,1409,1409,2019-10-10T12:11:00.000+02:00,2019-10-10T13:45:00.000+02:00,2019-10-11T13:58:00.000+02:00,n/a,n/a,n/a,4,1,2,0,0,3,1,2,0,0,0,n/a,n/a,n/a,n/a,n/a,n/a,Dorcas,0,2019-10-11T23:28:49.000+02:00,2019-10-11T23:26:09.000+02:00,2019-10-11T23:28:49.000+02:00,uuid:d9bd9bb1-7487-417a-a537-a304da4d6893,d9bd9bb1-7487-417a-a537-a304da4d6893,2019-10-11T21:28:54,,
2019-10-10T09:45:53.000+02:00,11,1302,1302,2019-10-11T11:35:00.000+02:00,2019-10-11T13:20:00.000+02:00,2019-10-12T14:05:00.000+02:00,n/a,n/a,n/a,7,100,2,2,0,7,10,2,0,0,0,n/a,n/a,n/a,n/a,n/a,n/a,annet,0,2019-10-14T11:08:28.000+02:00,2019-10-10T09:45:53.000+02:00,2019-10-14T11:08:28.000+02:00,uuid:3a3a2eac-0992-4ecb-923c-a3310d51aaac,3a3a2eac-0992-4ecb-923c-a3310d51aaac,2019-10-14T09:07:04,,
2019-10-14T11:08:28.000+02:00,10,1808,1808,2019-10-11T11:35:00.000+02:00,2019-10-11T13:20:00.000+02:00,2019-10-12T14:05:00.000+02:00,n/a,54.66,n/a,7,10,2,0,0,7,1,2,0,0,1,6,1,2,0,0,n/a,dorcas,0,2019-10-14T11:10:41.000+02:00,2019-10-14T11:08:28.000+02:00,2019-10-14T11:10:41.000+02:00,uuid:69c2346e-0881-474f-8e0e-7f7726befc5b,69c2346e-0881-474f-8e0e-7f7726befc5b,2019-10-14T09:09:18,,
2019-10-14T11:10:41.000+02:00,11,1200,1200,2019-10-11T11:35:00.000+02:00,2019-10-11T13:20:00.000+02:00,2019-10-12T14:05:00.000+02:00,n/a,n/a,n/a,7,100,2,49,43,7,10,2,48,13,0,n/a,n/a,n/a,n/a,n/a,n/a,annet,0,2019-10-14T11:12:13.000+02:00,2019-10-14T11:10:41.000+02:00,2019-10-14T11:12:13.000+02:00,uuid:45d49697-0ffa-49dd-bfa4-34e4e6cd4d8e,45d49697-0ffa-49dd-bfa4-34e4e6cd4d8e,2019-10-14T09:10:49,,
2019-10-14T11:12:14.000+02:00,10,1807,1807,2019-10-11T11:35:00.000+02:00,2019-10-11T13:20:00.000+02:00,2019-10-12T14:05:00.000+02:00,n/a,98.08,n/a,7,10,2,1,0,7,1,2,0,0,1,6,1,2,0,0,n/a,dorcas,0,2019-10-17T11:13:16.000-04:00,2019-10-14T11:12:14.000+02:00,2019-10-17T11:13:16.000-04:00,uuid:aac0832b-5cb4-40cf-8038-a248beea7f0c,aac0832b-5cb4-40cf-8038-a248beea7f0c,2019-10-14T09:12:42,,
2019-10-14T11:14:07.000+02:00,11,1207,1207,2019-10-11T11:35:00.000+02:00,2019-10-11T13:20:00.000+02:00,2019-10-12T14:05:00.000+02:00,n/a,n/a,n/a,7,100,2,49,43,7,10,2,45,13,0,n/a,n/a,n/a,n/a,n/a,n/a,annet,0,2019-10-14T11:16:54.000+02:00,2019-10-14T11:14:07.000+02:00,2019-10-14T11:16:54.000+02:00,uuid:1a46a32a-7946-4ef3-a187-c5d122a780d4,1a46a32a-7946-4ef3-a187-c5d122a780d4,2019-10-14T09:15:30,,
2019-10-14T11:16:54.000+02:00,11,1201,1201,2019-10-11T11:35:00.000+02:00,2019-10-11T13:20:00.000+02:00,2019-10-12T14:05:00.000+02:00,n/a,n/a,n/a,7,100,2,49,42,7,10,2,46,10,0,n/a,n/a,n/a,n/a,n/a,n/a,annet,0,2019-10-14T11:18:29.000+02:00,2019-10-14T11:16:54.000+02:00,2019-10-14T11:18:29.000+02:00,uuid:ef3e0bd3-552a-4738-a936-19b7afb1a7b4,ef3e0bd3-552a-4738-a936-19b7afb1a7b4,2019-10-14T09:17:05,,
2019-10-14T11:18:29.000+02:00,11,1307,1307,2019-10-11T11:35:00.000+02:00,2019-10-11T13:20:00.000+02:00,2019-10-12T14:05:00.000+02:00,n/a,n/a,n/a,7,100,2,2,0,7,10,2,2,0,0,n/a,n/a,n/a,n/a,n/a,n/a,annet,0,2019-10-14T11:19:40.000+02:00,2019-10-14T11:18:29.000+02:00,2019-10-14T11:19:40.000+02:00,uuid:54b6de70-5726-48c5-9818-d82270110666,54b6de70-5726-48c5-9818-d82270110666,2019-10-14T09:18:16,,
2019-10-14T11:19:40.000+02:00,11,1308,1308,2019-10-11T11:35:00.000+02:00,2019-10-11T13:20:00.000+02:00,2019-10-12T14:05:00.000+02:00,n/a,n/a,n/a,7,100,2,9,2,7,10,2,0,0,0,n/a,n/a,n/a,n/a,n/a,n/a,annet,0,2019-10-14T11:20:54.000+02:00,2019-10-14T11:19:40.000+02:00,2019-10-14T11:20:54.000+02:00,uuid:44998cfc-b7b8-4fe7-9c82-9ea03d1307ec,44998cfc-b7b8-4fe7-9c82-9ea03d1307ec,2019-10-14T09:19:30,,
2019-10-14T11:20:55.000+02:00,8,1608,1608,2019-10-11T11:35:00.000+02:00,2019-10-11T13:20:00.000+02:00,2019-10-12T14:05:00.000+02:00,n/a,n/a,368,7,1,2,30,10,6,1,2,7,2,1,5,1,2,3,0,n/a,dorcas,0,2019-10-14T11:23:25.000+02:00,2019-10-14T11:20:55.000+02:00,2019-10-14T11:23:25.000+02:00,uuid:391ee9cd-ca80-404a-b205-5501398da5f6,391ee9cd-ca80-404a-b205-5501398da5f6,2019-10-14T09:22:01,,
2019-10-14T11:23:26.000+02:00,8,1607,1607,2019-10-11T11:35:00.000+02:00,2019-10-11T13:20:00.000+02:00,2019-10-12T14:05:00.000+02:00,n/a,n/a,234,7,1,2,0,0,6,1,2,0,0,1,5,1,2,0,0,n/a,dorcas,0,2019-10-14T11:24:58.000+02:00,2019-10-14T11:23:26.000+02:00,2019-10-14T11:24:58.000+02:00,uuid:27378173-7e17-406a-9a96-399c97f627ab,27378173-7e17-406a-9a96-399c97f627ab,2019-10-14T09:23:34,,
2019-10-14T11:24:59.000+02:00,7,1507,1507,2019-10-11T11:35:00.000+02:00,2019-10-11T13:20:00.000+02:00,2019-10-12T14:05:00.000+02:00,n/a,n/a,n/a,7,10,2,15,3,6,1,2,2,0,0,n/a,n/a,n/a,n/a,n/a,n/a,wilson,0,2019-10-14T11:27:50.000+02:00,2019-10-14T11:24:59.000+02:00,2019-10-14T11:27:50.000+02:00,uuid:7c1630a4-6b3f-4d78-bc9d-5e7ceedd8b75,7c1630a4-6b3f-4d78-bc9d-5e7ceedd8b75,2019-10-14T09:26:27,,
2019-10-14T11:27:50.000+02:00,7,1508,1508,2019-10-11T11:35:00.000+02:00,2019-10-11T13:20:00.000+02:00,2019-10-12T14:05:00.000+02:00,n/a,n/a,n/a,7,10,2,38,28,6,1,2,8,1,0,n/a,n/a,n/a,n/a,n/a,n/a,wilson,0,2019-10-14T11:32:55.000+02:00,2019-10-14T11:27:50.000+02:00,2019-10-14T11:32:55.000+02:00,uuid:0efeac37-e422-4648-92b1-b3b593be9e3a,0efeac37-e422-4648-92b1-b3b593be9e3a,2019-10-14T09:33:42,,
2019-10-14T11:32:56.000+02:00,5,1907,1907,2019-10-11T11:35:00.000+02:00,2019-10-11T13:20:00.000+02:00,2019-10-12T14:05:00.000+02:00,n/a,n/a,n/a,7,10,2,49,14,7,1,2,26,1,0,n/a,n/a,n/a,n/a,n/a,n/a,wilson,0,2019-10-14T11:35:02.000+02:00,2019-10-14T11:32:56.000+02:00,2019-10-14T11:35:02.000+02:00,uuid:47412744-2447-4e9e-9ad4-dc4665485f6f,47412744-2447-4e9e-9ad4-dc4665485f6f,2019-10-14T09:33:42,,
2019-10-14T11:35:02.000+02:00,5,1908,1908,2019-10-11T11:35:00.000+02:00,2019-10-11T13:20:00.000+02:00,2019-10-12T14:05:00.000+02:00,n/a,n/a,n/a,7,10,2,49,18,7,1,2,20,0,0,n/a,n/a,n/a,n/a,n/a,n/a,wilson,0,2019-10-14T11:36:38.000+02:00,2019-10-14T11:35:02.000+02:00,2019-10-14T11:36:38.000+02:00,uuid:c1f7b519-d0e8-4007-9334-80bb27d663cf,c1f7b519-d0e8-4007-9334-80bb27d663cf,2019-10-14T09:35:14,,
2019-10-14T11:36:38.000+02:00,3,1108,1108,2019-10-11T11:35:00.000+02:00,2019-10-11T13:35:00.000+02:00,2019-10-12T14:05:00.000+02:00,n/a,n/a,n/a,7,100,2,0,0,7,10,2,0,0,0,n/a,n/a,n/a,n/a,n/a,n/a,annet,0,2019-10-14T11:37:45.000+02:00,2019-10-14T11:36:38.000+02:00,2019-10-14T11:37:45.000+02:00,uuid:38506ae7-bc83-4eb7-af02-c75144c07edf,38506ae7-bc83-4eb7-af02-c75144c07edf,2019-10-14T09:36:21,,
2019-10-14T11:37:45.000+02:00,3,1107,1107,2019-10-11T11:35:00.000+02:00,2019-10-11T13:20:00.000+02:00,2019-10-12T14:05:00.000+02:00,n/a,n/a,n/a,7,100,2,0,0,7,10,2,0,0,0,n/a,n/a,n/a,n/a,n/a,n/a,annet,0,2019-10-14T11:39:43.000+02:00,2019-10-14T11:37:45.000+02:00,2019-10-14T11:39:43.000+02:00,uuid:d2b118da-ea04-4e52-9bf9-8d2f12c05429,d2b118da-ea04-4e52-9bf9-8d2f12c05429,2019-10-14T09:38:18,,
2019-10-14T11:39:43.000+02:00,2,1708,1708,2019-10-11T11:35:00.000+02:00,2019-10-11T13:20:00.000+02:00,2019-10-12T14:05:00.000+02:00,154.07,n/a,n/a,7,10,2,0,0,7,1,2,0,0,1,6,1,2,0,0,n/a,wilson,0,2019-10-14T11:42:05.000+02:00,2019-10-14T11:39:43.000+02:00,2019-10-14T11:42:05.000+02:00,uuid:c0e71350-92f4-424b-a3a8-ea71cbb6a322,c0e71350-92f4-424b-a3a8-ea71cbb6a322,2019-10-14T09:40:40,,
2019-10-14T11:42:05.000+02:00,2,1707,1707,2019-10-11T11:35:00.000+02:00,2019-10-11T13:20:00.000+02:00,2019-10-12T14:05:00.000+02:00,162.24,n/a,n/a,7,10,2,9,1,7,1,2,2,0,1,6,1,2,0,0,n/a,wilson,0,2019-10-14T11:44:11.000+02:00,2019-10-14T11:42:05.000+02:00,2019-10-14T11:44:11.000+02:00,uuid:49dba00c-fd9a-47e4-8a17-d133e67a9897,49dba00c-fd9a-47e4-8a17-d133e67a9897,2019-10-14T09:42:48,,
2019-10-14T11:44:11.000+02:00,1,1408,1408,2019-10-11T11:35:00.000+02:00,2019-10-11T13:20:00.000+02:00,2019-10-12T14:05:00.000+02:00,n/a,n/a,n/a,4,1,2,0,0,3,1,2,0,0,0,n/a,n/a,n/a,n/a,n/a,n/a,wilson,0,2019-10-14T11:49:50.000+02:00,2019-10-14T11:44:11.000+02:00,2019-10-14T11:49:50.000+02:00,uuid:fcfa0369-fdce-4eb5-95da-796fd418d191,fcfa0369-fdce-4eb5-95da-796fd418d191,2019-10-14T09:49:37,,
2019-10-14T11:49:50.000+02:00,1,1407,1407,2019-10-11T11:35:00.000+02:00,2019-10-11T13:20:00.000+02:00,2019-10-12T14:05:00.000+02:00,n/a,n/a,n/a,4,1,2,0,0,3,1,2,0,0,0,n/a,n/a,n/a,n/a,n/a,n/a,wilson,0,2019-10-14T11:51:24.000+02:00,2019-10-14T11:49:50.000+02:00,2019-10-14T11:51:24.000+02:00,uuid:c5550f64-dda8-40d8-b9ef-83b8e967fdb4,c5550f64-dda8-40d8-b9ef-83b8e967fdb4,2019-10-14T09:49:59,,
2019-10-14T11:51:24.000+02:00,11,1208,1208,2019-10-11T11:35:00.000+02:00,2019-10-11T13:20:00.000+02:00,2019-10-12T14:05:00.000+02:00,n/a,n/a,n/a,7,100,2,49,46,7,10,2,45,14,0,n/a,n/a,n/a,n/a,n/a,n/a,dorcas,0,2019-10-14T11:53:06.000+02:00,2019-10-14T11:51:24.000+02:00,2019-10-14T11:53:06.000+02:00,uuid:749cd46f-c9be-4c3a-a2d0-f88141645b31,749cd46f-c9be-4c3a-a2d0-f88141645b31,2019-10-14T09:51:42,,
2019-10-15T12:31:42.000+02:00,1,2402,2402,2019-10-14T12:15:00.000+02:00,2019-10-14T13:25:00.000+02:00,2019-10-15T12:20:00.000+02:00,n/a,n/a,n/a,4,1,2,0,0,3,1,2,0,0,0,n/a,n/a,n/a,n/a,n/a,n/a,wilson,0,2019-10-15T12:35:40.000+02:00,2019-10-15T12:31:42.000+02:00,2019-10-15T12:35:40.000+02:00,uuid:2ca6ff9f-6bc3-4f31-bba3-5aa5cfdff3c9,2ca6ff9f-6bc3-4f31-bba3-5aa5cfdff3c9,2019-10-15T10:34:16,,
2019-10-15T12:35:41.000+02:00,1,2401,2401,2019-10-14T12:15:00.000+02:00,2019-10-14T13:25:00.000+02:00,2019-10-15T12:20:00.000+02:00,n/a,n/a,n/a,4,1,2,0,1,3,1,2,0,0,0,n/a,n/a,n/a,n/a,n/a,n/a,wilson,0,2019-10-15T12:37:55.000+02:00,2019-10-15T12:35:41.000+02:00,2019-10-15T12:37:55.000+02:00,uuid:02b06ed8-6c13-46dc-856b-adb4904a8ee0,02b06ed8-6c13-46dc-856b-adb4904a8ee0,2019-10-15T10:36:30,,
2019-10-15T12:37:55.000+02:00,11,2301,2301,2019-10-14T12:15:00.000+02:00,2019-10-14T13:25:00.000+02:00,2019-10-15T12:20:00.000+02:00,n/a,n/a,n/a,7,100,2,1,0,7,10,2,0,0,0,n/a,n/a,n/a,n/a,n/a,n/a,annet,0,2019-10-15T12:39:40.000+02:00,2019-10-15T12:37:55.000+02:00,2019-10-15T12:39:40.000+02:00,uuid:92d2b02b-8823-4290-8aa8-9f366ca2c863,92d2b02b-8823-4290-8aa8-9f366ca2c863,2019-10-15T10:38:17,,
2019-10-15T12:39:40.000+02:00,11,2302,2302,2019-10-14T12:15:00.000+02:00,2019-10-14T13:25:00.000+02:00,2019-10-15T12:20:00.000+02:00,n/a,n/a,n/a,7,100,2,0,0,7,10,2,0,0,0,n/a,n/a,n/a,n/a,n/a,n/a,annet,0,2019-10-15T12:40:58.000+02:00,2019-10-15T12:39:40.000+02:00,2019-10-15T12:40:58.000+02:00,uuid:63c3c703-7dd6-42ea-ad14-44f818fd1523,63c3c703-7dd6-42ea-ad14-44f818fd1523,2019-10-15T10:39:33,,
2019-10-15T12:40:58.000+02:00,2,2702,2702,2019-10-14T12:15:00.000+02:00,2019-10-14T13:25:00.000+02:00,2019-10-15T12:20:00.000+02:00,201.18,n/a,n/a,7,10,2,3,0,7,1,2,0,0,1,6,1,2,0,0,n/a,dorcas,0,2019-10-15T12:42:58.000+02:00,2019-10-15T12:40:58.000+02:00,2019-10-15T12:42:58.000+02:00,uuid:2de32348-3d0f-4ce2-82bc-6a07dae8c5c1,2de32348-3d0f-4ce2-82bc-6a07dae8c5c1,2019-10-15T10:41:34,,
2019-10-15T12:42:58.000+02:00,2,2701,2701,2019-10-14T12:15:00.000+02:00,2019-10-14T13:25:00.000+02:00,2019-10-15T12:20:00.000+02:00,93.06,n/a,n/a,7,10,2,0,0,7,1,2,0,0,1,6,1,2,0,0,n/a,dorcas,0,2019-10-15T12:44:56.000+02:00,2019-10-15T12:42:58.000+02:00,2019-10-15T12:44:56.000+02:00,uuid:99e12240-d05c-48d9-bff5-9f18f4d462f3,99e12240-d05c-48d9-bff5-9f18f4d462f3,2019-10-15T10:43:31,,
2019-10-15T12:44:56.000+02:00,7,2501,2501,2019-10-14T12:15:00.000+02:00,2019-10-14T13:25:00.000+02:00,2019-10-15T12:20:00.000+02:00,n/a,n/a,n/a,7,10,2,0,0,6,1,2,0,0,0,n/a,n/a,n/a,n/a,n/a,n/a,wilson,0,2019-10-15T12:47:05.000+02:00,2019-10-15T12:44:56.000+02:00,2019-10-15T12:47:05.000+02:00,uuid:e9ed15ac-e777-4002-b834-cb12055dd781,e9ed15ac-e777-4002-b834-cb12055dd781,2019-10-15T10:45:40,,
2019-10-15T12:47:05.000+02:00,7,2502,2502,2019-10-14T12:15:00.000+02:00,2019-10-14T13:25:00.000+02:00,2019-10-15T12:20:00.000+02:00,n/a,n/a,n/a,7,10,2,16,1,6,1,2,1,0,0,n/a,n/a,n/a,n/a,n/a,n/a,wilson,0,2019-10-15T12:48:19.000+02:00,2019-10-15T12:47:05.000+02:00,2019-10-15T12:48:19.000+02:00,uuid:6ee500e0-5fb5-4ffd-8224-2ce33fb9b77a,6ee500e0-5fb5-4ffd-8224-2ce33fb9b77a,2019-10-15T10:46:54,,
2019-10-15T12:48:19.000+02:00,8,2602,2602,2019-10-14T12:15:00.000+02:00,2019-10-14T13:25:00.000+02:00,2019-10-15T12:20:00.000+02:00,n/a,n/a,341,7,1,2,0,0,6,1,2,0,0,1,5,1,2,0,0,n/a,dorcas,0,2019-10-15T12:50:11.000+02:00,2019-10-15T12:48:19.000+02:00,2019-10-15T12:50:11.000+02:00,uuid:f45eb729-b9c8-4249-99b5-6f58b5cbc74d,f45eb729-b9c8-4249-99b5-6f58b5cbc74d,2019-10-15T10:48:47,,
2019-10-15T12:50:11.000+02:00,8,2601,2601,2019-10-14T12:15:00.000+02:00,2019-10-14T13:25:00.000+02:00,2019-10-15T12:20:00.000+02:00,n/a,n/a,337,7,1,2,11,3,6,1,2,0,0,1,5,1,2,0,0,n/a,dorcas,0,2019-10-15T12:51:45.000+02:00,2019-10-15T12:50:11.000+02:00,2019-10-15T12:51:45.000+02:00,uuid:12b0c1d7-b8d3-45d0-a314-25b0f5e7eda9,12b0c1d7-b8d3-45d0-a314-25b0f5e7eda9,2019-10-15T10:50:19,,
2019-10-15T12:51:45.000+02:00,10,2801,2801,2019-10-14T12:15:00.000+02:00,2019-10-14T13:25:00.000+02:00,2019-10-15T12:20:00.000+02:00,n/a,68.97,n/a,7,10,2,0,0,7,1,2,0,0,1,6,1,2,0,0,n/a,dorcas,0,2019-10-15T12:55:40.000+02:00,2019-10-15T12:51:45.000+02:00,2019-10-15T12:55:40.000+02:00,uuid:e5eedb3a-2b29-4f34-a0d6-0858aaf478a1,e5eedb3a-2b29-4f34-a0d6-0858aaf478a1,2019-10-15T10:54:16,,
2019-10-15T12:55:41.000+02:00,10,2802,2802,2019-10-14T12:15:00.000+02:00,2019-10-14T13:25:00.000+02:00,2019-10-15T12:20:00.000+02:00,n/a,80.56,n/a,7,10,2,0,0,7,1,2,0,0,1,6,1,2,0,0,n/a,dorcas,0,2019-10-15T12:57:47.000+02:00,2019-10-15T12:55:41.000+02:00,2019-10-15T12:57:47.000+02:00,uuid:a7a749af-a467-4e6e-bee3-9b6f3d38bc2a,a7a749af-a467-4e6e-bee3-9b6f3d38bc2a,2019-10-15T10:56:23,,
2019-10-16T11:58:59.000+02:00,1,2404,2404,2019-10-15T10:15:00.000+02:00,2019-10-15T11:49:00.000+02:00,2019-10-16T11:58:00.000+02:00,n/a,n/a,n/a,4,1,2,0,0,3,1,2,0,0,0,n/a,n/a,n/a,n/a,n/a,n/a,Wilson,0,2019-10-16T12:00:46.000+02:00,2019-10-16T11:58:59.000+02:00,2019-10-16T12:00:46.000+02:00,uuid:3d9df46e-3651-4ffd-aa71-b0350b1b57d2,3d9df46e-3651-4ffd-aa71-b0350b1b57d2,2019-10-16T10:00:47,,
2019-10-16T12:00:46.000+02:00,1,2403,2403,2019-10-15T10:15:00.000+02:00,2019-10-15T11:49:00.000+02:00,2019-10-16T11:58:00.000+02:00,n/a,n/a,n/a,4,1,2,0,0,3,1,2,0,0,0,n/a,n/a,n/a,n/a,n/a,n/a,Wilson,0,2019-10-16T12:02:08.000+02:00,2019-10-16T12:00:46.000+02:00,2019-10-16T12:02:08.000+02:00,uuid:64dd6d99-9064-40fe-9f56-02b18f6602b7,64dd6d99-9064-40fe-9f56-02b18f6602b7,2019-10-16T10:02:10,,
2019-10-16T12:02:30.000+02:00,7,2504,2504,2019-10-15T10:15:00.000+02:00,2019-10-15T11:49:00.000+02:00,2019-10-16T11:58:00.000+02:00,n/a,n/a,n/a,7,10,2,2,0,6,1,2,0,0,0,n/a,n/a,n/a,n/a,n/a,n/a,Dorcas,0,2019-10-16T12:04:09.000+02:00,2019-10-16T12:02:30.000+02:00,2019-10-16T12:04:09.000+02:00,uuid:84f0ff0e-d766-4539-8130-6d96a1ae4657,84f0ff0e-d766-4539-8130-6d96a1ae4657,2019-10-16T10:04:11,,
2019-10-16T12:04:09.000+02:00,7,2503,2503,2019-10-15T10:15:00.000+02:00,2019-10-15T11:49:00.000+02:00,2019-10-16T11:58:00.000+02:00,n/a,n/a,n/a,7,10,2,0,0,6,1,2,0,0,0,n/a,n/a,n/a,n/a,n/a,n/a,Dircas,0,2019-10-16T12:05:29.000+02:00,2019-10-16T12:04:09.000+02:00,2019-10-16T12:05:29.000+02:00,uuid:c2c92157-ed90-46a7-9115-c32eda94d8af,c2c92157-ed90-46a7-9115-c32eda94d8af,2019-10-16T10:05:30,,
2019-10-16T12:05:29.000+02:00,8,2604,2604,2019-10-15T10:15:00.000+02:00,2019-10-15T11:49:00.000+02:00,2019-10-16T11:58:00.000+02:00,n/a,n/a,290,7,1,2,0,0,6,1,2,0,0,1,5,1,2,0,0,n/a,Dorcas,0,2019-10-16T12:07:51.000+02:00,2019-10-16T12:05:29.000+02:00,2019-10-16T12:07:51.000+02:00,uuid:56097af6-3715-4d80-9c31-b65ba54f1adf,56097af6-3715-4d80-9c31-b65ba54f1adf,2019-10-16T10:07:52,,
2019-10-16T12:07:51.000+02:00,8,2603,2603,2019-10-15T10:15:00.000+02:00,2019-10-15T11:49:00.000+02:00,2019-10-16T11:59:00.000+02:00,n/a,n/a,346,7,1,2,0,0,6,1,2,0,0,1,5,1,2,0,0,n/a,Dorcas,0,2019-10-16T12:09:45.000+02:00,2019-10-16T12:07:51.000+02:00,2019-10-16T12:09:45.000+02:00,uuid:906848dd-8f2e-41dd-a5bb-123921cced40,906848dd-8f2e-41dd-a5bb-123921cced40,2019-10-16T10:09:47,,
2019-10-16T12:09:45.000+02:00,2,2704,2704,2019-10-15T10:15:00.000+02:00,2019-10-15T11:49:00.000+02:00,2019-10-16T11:58:00.000+02:00,159.5,n/a,n/a,7,10,2,49,40,7,1,2,30,8,1,6,1,2,4,1,n/a,Dorcas,0,2019-10-16T12:22:09.000+02:00,2019-10-16T12:09:45.000+02:00,2019-10-16T12:22:09.000+02:00,uuid:f8c6630a-7f33-49d8-8f0e-da60945b793a,f8c6630a-7f33-49d8-8f0e-da60945b793a,2019-10-16T10:22:10,,
2019-10-16T12:22:09.000+02:00,2,2703,2703,2019-10-15T10:15:00.000+02:00,2019-10-15T11:49:00.000+02:00,2019-10-15T11:58:00.000+02:00,175.52,n/a,n/a,7,10,2,0,0,7,1,2,0,0,1,6,1,2,0,0,n/a,Dorcas,0,2019-10-16T12:25:43.000+02:00,2019-10-16T12:22:09.000+02:00,2019-10-16T12:25:43.000+02:00,uuid:8a1acf30-5a1a-4532-bc71-1f79f836441c,8a1acf30-5a1a-4532-bc71-1f79f836441c,2019-10-16T10:25:45,,
2019-10-16T12:25:58.000+02:00,11,2304,2304,2019-10-15T10:15:00.000+02:00,2019-10-15T11:49:00.000+02:00,2019-10-16T11:58:00.000+02:00,n/a,n/a,n/a,7,100,2,0,0,7,10,2,0,0,0,n/a,n/a,n/a,n/a,n/a,n/a,Annet,0,2019-10-16T12:27:27.000+02:00,2019-10-16T12:25:58.000+02:00,2019-10-16T12:27:27.000+02:00,uuid:9e1f5b7c-5ce8-4f66-8ea4-6b2bef41d67c,9e1f5b7c-5ce8-4f66-8ea4-6b2bef41d67c,2019-10-16T10:27:29,,
2019-10-16T12:27:27.000+02:00,11,2303,2303,2019-10-15T10:15:00.000+02:00,2019-10-15T11:49:00.000+02:00,2019-10-16T11:58:00.000+02:00,n/a,n/a,n/a,7,100,2,0,0,7,10,2,0,0,0,n/a,n/a,n/a,n/a,n/a,n/a,Annet,0,2019-10-16T12:28:48.000+02:00,2019-10-16T12:27:27.000+02:00,2019-10-16T12:28:48.000+02:00,uuid:f70b26e8-7fe9-4bfa-8ab0-a00344144809,f70b26e8-7fe9-4bfa-8ab0-a00344144809,2019-10-16T10:28:50,,
2019-10-16T12:28:48.000+02:00,3,2101,2101,2019-10-15T10:15:00.000+02:00,2019-10-15T11:49:00.000+02:00,2019-10-16T11:58:00.000+02:00,n/a,n/a,n/a,7,100,2,0,0,7,10,2,0,0,0,n/a,n/a,n/a,n/a,n/a,n/a,Annet,0,2019-10-16T12:30:04.000+02:00,2019-10-16T12:28:48.000+02:00,2019-10-16T12:30:04.000+02:00,uuid:5b56f7a9-9983-4a22-b6fc-7bde96b694bf,5b56f7a9-9983-4a22-b6fc-7bde96b694bf,2019-10-16T10:30:07,,
2019-10-16T12:30:05.000+02:00,3,2102,2102,2019-10-15T10:15:00.000+02:00,2019-10-15T11:49:00.000+02:00,2019-10-16T11:59:00.000+02:00,n/a,n/a,n/a,7,100,2,0,0,7,10,2,0,0,0,n/a,n/a,n/a,n/a,n/a,n/a,Annet,0,2019-10-16T12:31:52.000+02:00,2019-10-16T12:30:05.000+02:00,2019-10-16T12:31:52.000+02:00,uuid:f501b450-cd95-4c63-a5f5-02a386416ac7,f501b450-cd95-4c63-a5f5-02a386416ac7,2019-10-16T10:31:54,,
2019-10-16T12:31:52.000+02:00,3,2103,2103,2019-10-15T10:15:00.000+02:00,2019-10-15T11:49:00.000+02:00,2019-10-16T11:59:00.000+02:00,n/a,n/a,n/a,7,100,2,1,0,7,10,2,0,0,0,n/a,n/a,n/a,n/a,n/a,n/a,Annet,0,2019-10-16T12:33:26.000+02:00,2019-10-16T12:31:52.000+02:00,2019-10-16T12:33:26.000+02:00,uuid:3a67d786-dbdb-4f27-a59e-e2f4c140ab7e,3a67d786-dbdb-4f27-a59e-e2f4c140ab7e,2019-10-16T10:33:29,,
2019-10-16T12:33:27.000+02:00,3,2104,2104,2019-10-15T10:15:00.000+02:00,2019-10-15T11:49:00.000+02:00,2019-10-15T11:59:00.000+02:00,n/a,n/a,n/a,7,100,2,0,0,7,10,2,0,0,0,n/a,n/a,n/a,n/a,n/a,n/a,Annet,0,2019-10-16T12:35:09.000+02:00,2019-10-16T12:33:27.000+02:00,2019-10-16T12:35:09.000+02:00,uuid:c583de7e-f104-4507-9948-d3d50d2947c2,c583de7e-f104-4507-9948-d3d50d2947c2,2019-10-16T10:35:11,,
2019-10-16T12:35:10.000+02:00,10,2803,2803,2019-10-15T10:15:00.000+02:00,2019-10-15T11:48:00.000+02:00,2019-10-16T11:59:00.000+02:00,n/a,72.12,n/a,7,10,2,0,0,7,1,2,0,0,1,6,1,2,0,0,n/a,Dorcas,0,2019-10-16T12:37:35.000+02:00,2019-10-16T12:35:10.000+02:00,2019-10-16T12:37:35.000+02:00,uuid:4147d961-3c9a-408c-afec-8638f1f5e971,4147d961-3c9a-408c-afec-8638f1f5e971,2019-10-16T10:37:36,,
2019-10-16T12:37:35.000+02:00,10,2804,2804,2019-10-15T10:15:00.000+02:00,2019-10-15T11:49:00.000+02:00,2019-10-16T11:58:00.000+02:00,n/a,72.72,n/a,7,10,2,0,0,7,1,2,0,0,1,6,1,2,0,0,n/a,Dorcas,0,2019-10-16T12:39:14.000+02:00,2019-10-16T12:37:35.000+02:00,2019-10-16T12:39:14.000+02:00,uuid:7619b54d-0e6d-45b8-97e7-ed3dcd548261,7619b54d-0e6d-45b8-97e7-ed3dcd548261,2019-10-16T10:39:16,,
2019-10-17T15:59:31.000+02:00,11,2305,2305,2019-10-16T10:34:00.000+02:00,2019-10-16T11:35:00.000+02:00,2019-10-17T11:40:00.000+02:00,n/a,n/a,n/a,7,100,2,0,0,7,10,2,0,0,0,n/a,n/a,n/a,n/a,n/a,n/a,annet,0,2019-10-17T16:00:58.000+02:00,2019-10-17T15:59:31.000+02:00,2019-10-17T16:00:58.000+02:00,uuid:8a9db6f7-339e-430c-9a94-ac483f9fa8b4,8a9db6f7-339e-430c-9a94-ac483f9fa8b4,2019-10-17T14:02:59,,
2019-10-17T16:04:29.000+02:00,11,2309,2309,2019-10-16T10:34:00.000+02:00,2019-10-16T11:35:00.000+02:00,2019-10-17T11:40:00.000+02:00,n/a,n/a,n/a,7,100,2,0,0,7,10,2,0,0,0,n/a,n/a,n/a,n/a,n/a,n/a,Annet,0,2019-10-17T16:06:07.000+02:00,2019-10-17T16:04:29.000+02:00,2019-10-17T16:06:07.000+02:00,uuid:0c167be0-275f-4080-a219-a252298d6ee4,0c167be0-275f-4080-a219-a252298d6ee4,2019-10-17T14:06:08,,
2019-10-17T16:06:07.000+02:00,8,2609,2609,2019-10-16T10:34:00.000+02:00,2019-10-16T11:35:00.000+02:00,2019-10-17T11:40:00.000+02:00,n/a,n/a,274,7,1,2,0,0,6,1,2,0,0,1,5,1,2,0,0,n/a,Dorcas,0,2019-10-17T16:08:11.000+02:00,2019-10-17T16:06:07.000+02:00,2019-10-17T16:08:11.000+02:00,uuid:8cee4e6e-f4f7-44aa-8234-ddffe65827d4,8cee4e6e-f4f7-44aa-8234-ddffe65827d4,2019-10-17T14:08:11,,
2019-10-17T16:08:11.000+02:00,8,2605,2605,2019-10-16T10:34:00.000+02:00,2019-10-16T11:35:00.000+02:00,2019-10-17T11:40:00.000+02:00,n/a,n/a,330,7,1,2,0,0,6,1,2,0,0,1,5,1,2,0,0,n/a,Dorcas,0,2019-10-17T16:10:08.000+02:00,2019-10-17T16:08:11.000+02:00,2019-10-17T16:10:08.000+02:00,uuid:28606355-a086-4c9b-8f33-810e27df1721,28606355-a086-4c9b-8f33-810e27df1721,2019-10-17T14:10:09,,
2019-10-17T16:10:09.000+02:00,1,2405,2405,2019-10-16T10:34:00.000+02:00,2019-10-16T11:35:00.000+02:00,2019-10-17T11:40:00.000+02:00,n/a,n/a,n/a,4,1,2,0,0,3,1,2,0,0,0,n/a,n/a,n/a,n/a,n/a,n/a,Dorcas,0,2019-10-17T16:11:38.000+02:00,2019-10-17T16:10:09.000+02:00,2019-10-17T16:11:38.000+02:00,uuid:c29acc84-428b-4288-82af-6f81f165681c,c29acc84-428b-4288-82af-6f81f165681c,2019-10-17T14:11:39,,
2019-10-17T16:11:38.000+02:00,1,2409,2409,2019-10-16T10:34:00.000+02:00,2019-10-16T11:35:00.000+02:00,2019-10-17T01:10:00.000+02:00,n/a,n/a,n/a,4,1,2,0,0,3,1,2,0,0,0,n/a,n/a,n/a,n/a,n/a,n/a,Dorcas,0,2019-10-17T16:13:01.000+02:00,2019-10-17T16:11:38.000+02:00,2019-10-17T16:13:01.000+02:00,uuid:3b1f2743-159b-4d32-8cc5-8b3d0d37edbc,3b1f2743-159b-4d32-8cc5-8b3d0d37edbc,2019-10-17T14:13:02,,
2019-10-17T16:13:01.000+02:00,10,2809,2809,2019-10-16T10:34:00.000+02:00,2019-10-16T11:35:00.000+02:00,2019-10-17T11:40:00.000+02:00,n/a,67.01,n/a,7,10,2,0,0,7,1,2,0,0,1,6,1,2,0,0,n/a,Wilson,0,2019-10-17T16:14:55.000+02:00,2019-10-17T16:13:01.000+02:00,2019-10-17T16:14:55.000+02:00,uuid:69eacfc9-f816-46a3-aca3-ab7a0eff30f4,69eacfc9-f816-46a3-aca3-ab7a0eff30f4,2019-10-17T14:14:56,,
2019-10-17T16:14:55.000+02:00,10,2805,2805,2019-10-16T10:34:00.000+02:00,2019-10-16T11:35:00.000+02:00,2019-10-17T11:40:00.000+02:00,n/a,56.19,n/a,7,10,2,0,0,7,1,2,0,0,1,6,1,2,0,0,n/a,Wilson,0,2019-10-17T16:16:38.000+02:00,2019-10-17T16:14:55.000+02:00,2019-10-17T16:16:38.000+02:00,uuid:ebf9c841-0e0d-4542-89e0-f30a0c0ee2cc,ebf9c841-0e0d-4542-89e0-f30a0c0ee2cc,2019-10-17T14:16:39,,
2019-10-17T16:16:38.000+02:00,2,2705,2705,2019-10-16T10:34:00.000+02:00,2019-10-16T11:35:00.000+02:00,2019-10-17T11:40:00.000+02:00,146.1,n/a,n/a,7,10,2,0,0,7,1,2,0,0,1,6,1,2,0,0,n/a,Wilson,0,2019-10-17T16:18:48.000+02:00,2019-10-17T16:16:38.000+02:00,2019-10-17T16:18:48.000+02:00,uuid:78f1f1aa-f98f-49a4-8987-0e28ffada14a,78f1f1aa-f98f-49a4-8987-0e28ffada14a,2019-10-17T14:18:49,,
2019-10-17T16:18:49.000+02:00,2,2709,2709,2019-10-16T10:34:00.000+02:00,2019-10-16T11:35:00.000+02:00,2019-10-17T11:40:00.000+02:00,163.23,n/a,n/a,7,10,2,0,0,7,1,2,0,0,1,6,100,2,0,0,n/a,Wilson,0,2019-10-17T16:20:44.000+02:00,2019-10-17T16:18:49.000+02:00,2019-10-17T16:20:44.000+02:00,uuid:47836b03-8e4e-475d-9795-3e1f02b256a0,47836b03-8e4e-475d-9795-3e1f02b256a0,2019-10-17T14:20:45,,
2019-10-17T16:20:44.000+02:00,7,2509,2509,2019-10-16T10:34:00.000+02:00,2019-10-16T11:35:00.000+02:00,2019-10-17T11:40:00.000+02:00,n/a,n/a,n/a,7,10,2,0,0,6,1,2,0,0,0,n/a,n/a,n/a,n/a,n/a,n/a,Wilson,0,2019-10-17T16:22:12.000+02:00,2019-10-17T16:20:44.000+02:00,2019-10-17T16:22:12.000+02:00,uuid:8d887d9d-9177-41f7-9c03-867a3aa9bc7d,8d887d9d-9177-41f7-9c03-867a3aa9bc7d,2019-10-17T14:22:13,,
2019-10-17T16:22:13.000+02:00,7,2505,2505,2019-10-16T10:34:00.000+02:00,2019-10-16T11:35:00.000+02:00,2019-10-17T11:40:00.000+02:00,n/a,n/a,n/a,7,10,2,0,0,6,1,2,0,0,0,n/a,n/a,n/a,n/a,n/a,n/a,Wilson,0,2019-10-17T16:23:40.000+02:00,2019-10-17T16:22:13.000+02:00,2019-10-17T16:23:40.000+02:00,uuid:173d26ff-a766-4c45-a2d9-3625ff98991d,173d26ff-a766-4c45-a2d9-3625ff98991d,2019-10-17T14:23:41,,
2019-10-21T10:45:26.000+02:00,11,2208,2208,2019-10-17T13:43:00.000+02:00,2019-10-17T15:35:00.000+02:00,2019-10-18T13:43:00.000+02:00,n/a,n/a,n/a,7,100,2,21,1,7,10,2,1,1,0,n/a,n/a,n/a,n/a,n/a,n/a,annet,0,2019-10-21T10:49:36.000+02:00,2019-10-21T10:45:26.000+02:00,2019-10-21T10:49:36.000+02:00,uuid:07aff086-e6f4-42fe-9e76-0242478b80c8,07aff086-e6f4-42fe-9e76-0242478b80c8,2019-10-21T08:48:08,,
2019-10-21T10:49:36.000+02:00,11,2204,2204,2019-10-17T13:43:00.000+02:00,2019-10-17T15:35:00.000+02:00,2019-10-18T13:45:00.000+02:00,n/a,n/a,n/a,7,100,2,3,0,7,10,2,1,0,0,n/a,n/a,n/a,n/a,n/a,n/a,annet,0,2019-10-21T10:52:08.000+02:00,2019-10-21T10:49:36.000+02:00,2019-10-21T10:52:08.000+02:00,uuid:74a8b555-2875-4fe9-9b86-bb2b50323f50,74a8b555-2875-4fe9-9b86-bb2b50323f50,2019-10-21T08:50:40,,
2019-10-21T10:52:08.000+02:00,11,2203,2203,2019-10-17T13:43:00.000+02:00,2019-10-17T15:35:00.000+02:00,2019-10-18T13:45:00.000+02:00,n/a,n/a,n/a,7,100,2,0,0,7,10,2,0,0,0,n/a,n/a,n/a,n/a,n/a,n/a,annet,0,2019-10-21T10:53:37.000+02:00,2019-10-21T10:52:08.000+02:00,2019-10-21T10:53:37.000+02:00,uuid:463f2b2c-d353-480a-ba9a-d5ac9d8aea93,463f2b2c-d353-480a-ba9a-d5ac9d8aea93,2019-10-21T08:52:10,,
2019-10-21T10:53:37.000+02:00,11,2207,2207,2019-10-17T13:43:00.000+02:00,2019-10-17T15:35:00.000+02:00,2019-10-18T13:45:00.000+02:00,n/a,n/a,n/a,7,100,2,25,2,7,10,2,2,1,0,n/a,n/a,n/a,n/a,n/a,n/a,annet,0,2019-10-21T10:54:57.000+02:00,2019-10-21T10:53:37.000+02:00,2019-10-21T10:54:57.000+02:00,uuid:ed61c6aa-55f7-4fe2-ada7-481bc21f160d,ed61c6aa-55f7-4fe2-ada7-481bc21f160d,2019-10-21T08:53:29,,
2019-10-21T10:54:57.000+02:00,11,2201,2201,2019-10-17T13:43:00.000+02:00,2019-10-17T15:35:00.000+02:00,2019-10-18T13:45:00.000+02:00,n/a,n/a,n/a,7,100,2,18,4,7,10,2,3,0,0,n/a,n/a,n/a,n/a,n/a,n/a,annet,0,2019-10-21T10:56:27.000+02:00,2019-10-21T10:54:57.000+02:00,2019-10-21T10:56:27.000+02:00,uuid:a2e0e973-bab8-4dbc-a8f0-4a1ebee99267,a2e0e973-bab8-4dbc-a8f0-4a1ebee99267,2019-10-21T08:56:24,,
2019-10-21T10:56:27.000+02:00,11,2209,2209,2019-10-17T13:43:00.000+02:00,2019-10-17T15:35:00.000+02:00,2019-10-18T13:45:00.000+02:00,n/a,n/a,n/a,7,100,2,16,1,7,10,2,2,0,0,n/a,n/a,n/a,n/a,n/a,n/a,annet,0,2019-10-21T10:57:51.000+02:00,2019-10-21T10:56:27.000+02:00,2019-10-21T10:57:51.000+02:00,uuid:49c6a162-2ac7-4e03-b31b-b0001662b34e,49c6a162-2ac7-4e03-b31b-b0001662b34e,2019-10-21T08:56:24,,
2019-10-21T10:57:51.000+02:00,11,2200,2200,2019-10-17T13:43:00.000+02:00,2019-10-17T15:35:00.000+02:00,2019-10-18T13:45:00.000+02:00,n/a,n/a,n/a,7,100,2,26,3,7,10,2,3,0,0,n/a,n/a,n/a,n/a,n/a,n/a,annet,0,2019-10-21T10:59:24.000+02:00,2019-10-21T10:57:51.000+02:00,2019-10-21T10:59:24.000+02:00,uuid:f09d4111-95cd-4f8e-8b35-c9b50354556a,f09d4111-95cd-4f8e-8b35-c9b50354556a,2019-10-21T08:57:57,,
2019-10-21T10:59:24.000+02:00,11,2202,2202,2019-10-17T13:43:00.000+02:00,2019-10-17T15:35:00.000+02:00,2019-10-18T13:45:00.000+02:00,n/a,n/a,n/a,7,100,2,28,7,7,10,2,4,0,0,n/a,n/a,n/a,n/a,n/a,n/a,annet,0,2019-10-21T11:00:48.000+02:00,2019-10-21T10:59:24.000+02:00,2019-10-21T11:00:48.000+02:00,uuid:b73b066c-d6d7-498e-8775-bd68682ef3cd,b73b066c-d6d7-498e-8775-bd68682ef3cd,2019-10-21T08:59:21,,
2019-10-21T11:00:49.000+02:00,11,2205,2205,2019-10-17T13:43:00.000+02:00,2019-10-17T15:35:00.000+02:00,2019-10-18T13:45:00.000+02:00,n/a,n/a,n/a,7,100,2,21,4,7,10,2,3,1,0,n/a,n/a,n/a,n/a,n/a,n/a,annet,0,2019-10-21T11:02:09.000+02:00,2019-10-21T11:00:49.000+02:00,2019-10-21T11:02:09.000+02:00,uuid:6182dc8e-b48e-423e-96a3-5ec83f67202a,6182dc8e-b48e-423e-96a3-5ec83f67202a,2019-10-21T09:00:41,,
2019-10-21T11:02:09.000+02:00,11,2206,2206,2019-10-17T13:43:00.000+02:00,2019-10-17T15:35:00.000+02:00,2019-10-18T13:45:00.000+02:00,n/a,n/a,n/a,7,100,2,20,4,7,10,2,3,0,0,n/a,n/a,n/a,n/a,n/a,n/a,annet,0,2019-10-21T11:03:29.000+02:00,2019-10-21T11:02:09.000+02:00,2019-10-21T11:03:29.000+02:00,uuid:5d5d3dce-5302-4ef9-a599-321606e6fc41,5d5d3dce-5302-4ef9-a599-321606e6fc41,2019-10-21T09:02:02,,
2019-10-21T11:03:29.000+02:00,3,2108,2108,2019-10-17T13:43:00.000+02:00,2019-10-17T15:35:00.000+02:00,2019-10-18T13:45:00.000+02:00,n/a,n/a,n/a,7,100,2,0,0,7,10,2,0,0,0,n/a,n/a,n/a,n/a,n/a,n/a,annet,0,2019-10-21T11:04:55.000+02:00,2019-10-21T11:03:29.000+02:00,2019-10-21T11:04:55.000+02:00,uuid:fd17bf0c-64fb-4170-89c7-1db89239424b,fd17bf0c-64fb-4170-89c7-1db89239424b,2019-10-21T09:03:28,,
2019-10-21T11:04:55.000+02:00,3,2105,2105,2019-10-17T13:43:00.000+02:00,2019-10-17T15:35:00.000+02:00,2019-10-18T13:45:00.000+02:00,n/a,n/a,n/a,7,100,2,0,0,7,10,2,0,0,0,n/a,n/a,n/a,n/a,n/a,n/a,annet,0,2019-10-21T11:06:16.000+02:00,2019-10-21T11:04:55.000+02:00,2019-10-21T11:06:16.000+02:00,uuid:01da365b-7afa-4df9-a31c-0f0626f449a8,01da365b-7afa-4df9-a31c-0f0626f449a8,2019-10-21T09:04:48,,
2019-10-21T11:06:16.000+02:00,3,2106,2106,2019-10-17T13:43:00.000+02:00,2019-10-17T15:35:00.000+02:00,2019-10-18T13:45:00.000+02:00,n/a,n/a,n/a,7,100,2,0,0,7,10,2,0,0,0,n/a,n/a,n/a,n/a,n/a,n/a,annet,0,2019-10-21T11:07:42.000+02:00,2019-10-21T11:06:16.000+02:00,2019-10-21T11:07:42.000+02:00,uuid:0b508b41-901f-40db-95b2-331aa0d45b4b,0b508b41-901f-40db-95b2-331aa0d45b4b,2019-10-21T09:06:14,,
2019-10-21T11:07:42.000+02:00,3,2107,2107,2019-10-17T13:43:00.000+02:00,2019-10-17T15:35:00.000+02:00,2019-10-18T13:45:00.000+02:00,n/a,n/a,n/a,7,100,2,0,0,7,10,2,0,0,0,n/a,n/a,n/a,n/a,n/a,n/a,annet,0,2019-10-21T11:09:18.000+02:00,2019-10-21T11:07:42.000+02:00,2019-10-21T11:09:18.000+02:00,uuid:2aebe88e-173e-4fa4-bbcf-8ca9417865e4,2aebe88e-173e-4fa4-bbcf-8ca9417865e4,2019-10-21T09:07:51,,
2019-10-21T11:09:18.000+02:00,3,2109,2109,2019-10-17T13:43:00.000+02:00,2019-10-17T15:35:00.000+02:00,2019-10-18T13:45:00.000+02:00,n/a,n/a,n/a,7,100,2,0,0,7,10,2,0,0,0,n/a,n/a,n/a,n/a,n/a,n/a,annet,0,2019-10-21T11:10:46.000+02:00,2019-10-21T11:09:18.000+02:00,2019-10-21T11:10:46.000+02:00,uuid:75559c54-0084-4ee7-8b97-d622046ad27c,75559c54-0084-4ee7-8b97-d622046ad27c,2019-10-21T09:09:19,,
2019-10-21T11:10:46.000+02:00,3,2100,2100,2019-10-17T13:43:00.000+02:00,2019-10-17T15:35:00.000+02:00,2019-10-18T13:45:00.000+02:00,n/a,n/a,n/a,7,100,2,0,0,7,10,2,0,0,0,n/a,n/a,n/a,n/a,n/a,n/a,annet,0,2019-10-21T11:12:56.000+02:00,2019-10-21T11:10:46.000+02:00,2019-10-21T11:12:56.000+02:00,uuid:55cd9575-d862-44c9-9be7-caa74288b26e,55cd9575-d862-44c9-9be7-caa74288b26e,2019-10-21T09:11:29,,
2019-10-21T11:12:56.000+02:00,8,2608,2608,2019-10-17T13:43:00.000+02:00,2019-10-17T15:53:00.000+02:00,2019-10-18T13:45:00.000+02:00,n/a,n/a,298,7,1,2,21,3,6,1,2,1,0,1,5,1,2,0,0,n/a,dorcas,0,2019-10-21T11:15:50.000+02:00,2019-10-21T11:12:56.000+02:00,2019-10-21T11:15:50.000+02:00,uuid:9b60f3b5-b345-4154-9dbe-fbdea01aa810,9b60f3b5-b345-4154-9dbe-fbdea01aa810,2019-10-21T09:14:24,,
2019-10-21T11:15:50.000+02:00,8,2606,2606,2019-10-17T13:43:00.000+02:00,2019-10-17T15:55:00.000+02:00,2019-10-18T13:45:00.000+02:00,n/a,n/a,286,7,1,2,0,0,6,1,2,0,0,1,5,1,2,0,0,n/a,dorcas,0,2019-10-21T11:17:19.000+02:00,2019-10-21T11:15:50.000+02:00,2019-10-21T11:17:19.000+02:00,uuid:373ea1f8-449d-4502-a8b7-ba0e015669c9,373ea1f8-449d-4502-a8b7-ba0e015669c9,2019-10-21T09:15:52,,
2019-10-21T11:17:19.000+02:00,8,2600,2600,2019-10-17T13:43:00.000+02:00,2019-10-17T15:55:00.000+02:00,2019-10-18T13:45:00.000+02:00,n/a,n/a,298,7,1,2,0,0,6,1,2,0,0,1,5,1,2,0,0,n/a,dorcas,0,2019-10-21T11:19:02.000+02:00,2019-10-21T11:17:19.000+02:00,2019-10-21T11:19:02.000+02:00,uuid:995f7a07-51f3-4517-9e7e-a34937f577d1,995f7a07-51f3-4517-9e7e-a34937f577d1,2019-10-21T09:17:35,,
2019-10-21T11:19:02.000+02:00,8,2607,2607,2019-10-17T13:43:00.000+02:00,2019-10-17T15:55:00.000+02:00,2019-10-18T13:45:00.000+02:00,n/a,n/a,291,7,1,2,0,0,6,1,2,0,0,1,5,1,2,0,0,n/a,dorcas,0,2019-10-21T11:20:43.000+02:00,2019-10-21T11:19:02.000+02:00,2019-10-21T11:20:43.000+02:00,uuid:2b2d82aa-bcc0-440e-b00a-8ea4c7b578f2,2b2d82aa-bcc0-440e-b00a-8ea4c7b578f2,2019-10-21T09:19:16,,
2019-10-21T11:20:44.000+02:00,7,2508,2508,2019-10-17T13:43:00.000+02:00,2019-10-17T15:35:00.000+02:00,2019-10-18T13:45:00.000+02:00,n/a,n/a,n/a,7,10,2,0,0,6,1,2,0,0,0,n/a,n/a,n/a,n/a,n/a,n/a,dorcas,0,2019-10-21T11:22:04.000+02:00,2019-10-21T11:20:44.000+02:00,2019-10-21T11:22:04.000+02:00,uuid:0ea2c06f-00fa-456e-951c-d75224734246,0ea2c06f-00fa-456e-951c-d75224734246,2019-10-21T09:20:37,,
2019-10-21T11:22:04.000+02:00,7,2507,2507,2019-10-17T13:43:00.000+02:00,2019-10-17T15:35:00.000+02:00,2019-10-18T13:45:00.000+02:00,n/a,n/a,n/a,7,10,2,2,0,6,1,2,0,0,0,n/a,n/a,n/a,n/a,n/a,n/a,dorcas,0,2019-10-21T11:23:44.000+02:00,2019-10-21T11:22:04.000+02:00,2019-10-21T11:23:44.000+02:00,uuid:ad987c13-4ea2-450d-a65b-89bf5270c00c,ad987c13-4ea2-450d-a65b-89bf5270c00c,2019-10-21T09:22:16,,
2019-10-21T11:23:44.000+02:00,7,2506,2506,2019-10-17T13:43:00.000+02:00,2019-10-17T15:35:00.000+02:00,2019-10-18T13:45:00.000+02:00,n/a,n/a,n/a,7,10,2,0,0,6,1,2,0,0,0,n/a,n/a,n/a,n/a,n/a,n/a,dorcas,0,2019-10-21T11:25:12.000+02:00,2019-10-21T11:23:44.000+02:00,2019-10-21T11:25:12.000+02:00,uuid:c1be7fbd-2c0a-46c0-a69b-cd1c49efe0a8,c1be7fbd-2c0a-46c0-a69b-cd1c49efe0a8,2019-10-21T09:23:45,,
2019-10-21T11:25:12.000+02:00,7,2500,2500,2019-10-17T13:43:00.000+02:00,2019-10-17T15:35:00.000+02:00,2019-10-18T13:45:00.000+02:00,n/a,n/a,n/a,7,10,2,0,0,6,1,2,0,0,0,n/a,n/a,n/a,n/a,n/a,n/a,dorcas,0,2019-10-21T11:26:53.000+02:00,2019-10-21T11:25:12.000+02:00,2019-10-21T11:26:53.000+02:00,uuid:9099c4b4-99ba-4e6d-ac53-fda6c0e39b1a,9099c4b4-99ba-4e6d-ac53-fda6c0e39b1a,2019-10-21T09:25:26,,
2019-10-21T11:26:53.000+02:00,1,2408,2408,2019-10-17T13:45:00.000+02:00,2019-10-17T15:35:00.000+02:00,2019-10-18T13:45:00.000+02:00,n/a,n/a,n/a,4,1,2,9,0,3,1,2,0,0,0,n/a,n/a,n/a,n/a,n/a,n/a,dorcas,0,2019-10-21T11:28:34.000+02:00,2019-10-21T11:26:53.000+02:00,2019-10-21T11:28:34.000+02:00,uuid:9cee2770-b274-491a-b768-3b5feacfddfa,9cee2770-b274-491a-b768-3b5feacfddfa,2019-10-21T09:27:07,,
2019-10-21T11:28:34.000+02:00,1,2400,2400,2019-10-17T13:43:00.000+02:00,2019-10-17T15:35:00.000+02:00,2019-10-18T13:45:00.000+02:00,n/a,n/a,n/a,4,1,2,2,0,3,1,2,0,0,0,n/a,n/a,n/a,n/a,n/a,n/a,dorcas,0,2019-10-21T11:30:13.000+02:00,2019-10-21T11:28:34.000+02:00,2019-10-21T11:30:13.000+02:00,uuid:eb390308-0f7f-4daf-99d8-485fde6aba92,eb390308-0f7f-4daf-99d8-485fde6aba92,2019-10-21T09:28:46,,
2019-10-21T11:30:14.000+02:00,1,2406,2406,2019-10-17T13:43:00.000+02:00,2019-10-17T15:35:00.000+02:00,2019-10-18T13:45:00.000+02:00,n/a,n/a,n/a,4,1,2,0,0,3,1,2,0,0,0,n/a,n/a,n/a,n/a,n/a,n/a,dorcas,0,2019-10-21T11:31:47.000+02:00,2019-10-21T11:30:14.000+02:00,2019-10-21T11:31:47.000+02:00,uuid:ebb39572-f320-41cc-a8d1-3844cd37691b,ebb39572-f320-41cc-a8d1-3844cd37691b,2019-10-21T09:30:20,,
2019-10-21T11:31:47.000+02:00,1,2407,2407,2019-10-17T13:43:00.000+02:00,2019-10-17T15:35:00.000+02:00,2019-10-18T13:45:00.000+02:00,n/a,n/a,n/a,4,1,2,0,0,3,1,2,0,0,0,n/a,n/a,n/a,n/a,n/a,n/a,dorcas,0,2019-10-21T11:33:32.000+02:00,2019-10-21T11:31:47.000+02:00,2019-10-21T11:33:32.000+02:00,uuid:6b8b9305-0a58-4760-a8c3-357c1e6e67cb,6b8b9305-0a58-4760-a8c3-357c1e6e67cb,2019-10-21T09:32:05,,
2019-10-21T11:33:32.000+02:00,10,2800,2800,2019-10-17T13:43:00.000+02:00,2019-10-17T15:35:00.000+02:00,2019-10-18T13:45:00.000+02:00,n/a,137.27,n/a,7,10,2,0,0,7,1,2,0,0,1,6,1,2,0,0,n/a,wilson,0,2019-10-21T11:35:28.000+02:00,2019-10-21T11:33:32.000+02:00,2019-10-21T11:35:28.000+02:00,uuid:6c4c09b1-1485-4428-b0a4-2cfcd8b6e153,6c4c09b1-1485-4428-b0a4-2cfcd8b6e153,2019-10-21T09:34:02,,
2019-10-21T11:35:29.000+02:00,10,2808,2808,2019-10-17T13:43:00.000+02:00,2019-10-17T15:35:00.000+02:00,2019-10-18T13:45:00.000+02:00,n/a,67.27,n/a,7,10,2,0,0,7,1,2,0,0,1,6,1,2,0,0,n/a,wilson,0,2019-10-21T11:37:00.000+02:00,2019-10-21T11:35:29.000+02:00,2019-10-21T11:37:00.000+02:00,uuid:832355c1-3934-4f59-8f59-799b741b28f4,832355c1-3934-4f59-8f59-799b741b28f4,2019-10-21T09:35:33,,
2019-10-21T11:37:00.000+02:00,10,2806,2806,2019-10-17T13:43:00.000+02:00,2019-10-17T15:35:00.000+02:00,2019-10-18T13:45:00.000+02:00,n/a,81.2,n/a,7,10,2,0,0,7,1,2,0,0,1,6,1,2,0,0,n/a,wilson,0,2019-10-21T11:38:25.000+02:00,2019-10-21T11:37:00.000+02:00,2019-10-21T11:38:25.000+02:00,uuid:b9f95dda-05c4-4824-8399-4373aa6d6a8d,b9f95dda-05c4-4824-8399-4373aa6d6a8d,2019-10-21T09:36:58,,
2019-10-21T11:38:25.000+02:00,10,2807,2807,2019-10-17T13:43:00.000+02:00,2019-10-17T15:35:00.000+02:00,2019-10-18T13:45:00.000+02:00,n/a,74.9,n/a,7,10,2,0,0,7,1,2,0,0,1,6,1,2,0,0,n/a,wilson,0,2019-10-21T11:39:57.000+02:00,2019-10-21T11:38:25.000+02:00,2019-10-21T11:39:57.000+02:00,uuid:659af980-a7bb-4caa-a36b-ad417c7f9b08,659af980-a7bb-4caa-a36b-ad417c7f9b08,2019-10-21T09:38:30,,
2019-10-21T11:39:57.000+02:00,2,2700,2700,2019-10-17T13:43:00.000+02:00,2019-10-17T15:35:00.000+02:00,2019-10-18T13:45:00.000+02:00,194,n/a,n/a,7,10,2,1,0,7,1,2,0,0,1,6,1,2,0,0,n/a,wilson,0,2019-10-21T11:41:38.000+02:00,2019-10-21T11:39:57.000+02:00,2019-10-21T11:41:38.000+02:00,uuid:c36677de-95f1-4273-89b8-9a904ef645d9,c36677de-95f1-4273-89b8-9a904ef645d9,2019-10-21T09:40:11,,
2019-10-21T11:41:39.000+02:00,2,2706,2706,2019-10-17T13:43:00.000+02:00,2019-10-17T15:35:00.000+02:00,2019-10-18T13:45:00.000+02:00,103.16,n/a,n/a,7,10,2,0,0,7,1,2,0,0,1,6,1,2,0,0,n/a,wilson,0,2019-10-21T11:43:25.000+02:00,2019-10-21T11:41:39.000+02:00,2019-10-21T11:43:25.000+02:00,uuid:3fd05047-5d1b-4099-ae26-9ed8c0fdcdc8,3fd05047-5d1b-4099-ae26-9ed8c0fdcdc8,2019-10-21T09:41:58,,
2019-10-21T11:43:25.000+02:00,2,2708,2708,2019-10-17T13:43:00.000+02:00,2019-10-17T15:35:00.000+02:00,2019-10-18T13:45:00.000+02:00,156.55,n/a,n/a,7,10,2,14,2,7,1,2,1,0,1,6,1,2,0,0,n/a,wilson,0,2019-10-21T11:45:24.000+02:00,2019-10-21T11:43:26.000+02:00,2019-10-21T11:45:24.000+02:00,uuid:98d8a7ac-f96a-4100-a95f-28f9ded88c62,98d8a7ac-f96a-4100-a95f-28f9ded88c62,2019-10-21T09:43:53,,
2019-10-21T11:45:24.000+02:00,2,2707,2707,2019-10-17T13:43:00.000+02:00,2019-10-17T15:35:00.000+02:00,2019-10-18T13:45:00.000+02:00,158.28,n/a,n/a,7,10,2,32,8,7,1,2,4,1,1,6,1,2,0,0,n/a,wilson,0,2019-10-21T11:48:03.000+02:00,2019-10-21T11:45:24.000+02:00,2019-10-21T11:48:03.000+02:00,uuid:4df0694c-e9a7-40f4-a0fe-5dff7f8d7990,4df0694c-e9a7-40f4-a0fe-5dff7f8d7990,2019-10-21T09:46:36,,
2019-10-21T11:48:04.000+02:00,11,2306,2306,2019-10-17T13:43:00.000+02:00,2019-10-17T15:35:00.000+02:00,2019-10-18T13:45:00.000+02:00,n/a,n/a,n/a,7,100,2,17,3,7,10,2,2,0,0,n/a,n/a,n/a,n/a,n/a,n/a,annet,0,2019-10-21T11:49:30.000+02:00,2019-10-21T11:48:04.000+02:00,2019-10-21T11:49:30.000+02:00,uuid:374ac656-5cfb-4b52-9209-b5dc2ccfaffe,374ac656-5cfb-4b52-9209-b5dc2ccfaffe,2019-10-21T09:48:03,,
2019-10-21T11:49:30.000+02:00,11,2307,2307,2019-10-17T13:43:00.000+02:00,2019-10-17T15:35:00.000+02:00,2019-10-18T13:45:00.000+02:00,n/a,n/a,n/a,7,100,2,0,0,7,10,2,0,0,0,n/a,n/a,n/a,n/a,n/a,n/a,annet,0,2019-10-21T11:51:00.000+02:00,2019-10-21T11:49:30.000+02:00,2019-10-21T11:51:00.000+02:00,uuid:8e6fd70e-8678-4eb9-a0ea-d4627484f701,8e6fd70e-8678-4eb9-a0ea-d4627484f701,2019-10-21T09:49:33,,
2019-10-21T11:51:01.000+02:00,11,2308,2308,2019-10-17T13:43:00.000+02:00,2019-10-17T15:35:00.000+02:00,2019-10-18T13:45:00.000+02:00,n/a,n/a,n/a,7,100,2,0,0,7,10,2,0,0,0,n/a,n/a,n/a,n/a,n/a,n/a,annet,0,2019-10-21T11:52:28.000+02:00,2019-10-21T11:51:01.000+02:00,2019-10-21T11:52:28.000+02:00,uuid:362efc1f-7b3d-4d8b-91f1-fbd2dcee123b,362efc1f-7b3d-4d8b-91f1-fbd2dcee123b,2019-10-21T09:51:01,,
2019-10-21T11:52:28.000+02:00,11,2300,2300,2019-10-17T13:43:00.000+02:00,2019-10-17T15:35:00.000+02:00,2019-10-18T13:45:00.000+02:00,n/a,n/a,n/a,7,100,2,0,0,7,10,2,0,0,0,n/a,n/a,n/a,n/a,n/a,n/a,annet,0,2019-10-21T11:53:45.000+02:00,2019-10-21T11:52:28.000+02:00,2019-10-21T11:53:45.000+02:00,uuid:c764a175-7e64-47d8-9296-58068a43bc7d,c764a175-7e64-47d8-9296-58068a43bc7d,2019-10-21T09:52:18,,
2019-10-22T16:26:58.000+02:00,11,3201,3201,2019-10-21T10:30:00.000+02:00,2019-10-21T11:15:00.000+02:00,2019-10-22T10:50:00.000+02:00,n/a,n/a,n/a,7,100,2,26,4,7,10,2,1,0,0,n/a,n/a,n/a,n/a,n/a,n/a,annet,0,2019-10-22T16:28:10.000+02:00,2019-10-22T16:26:58.000+02:00,2019-10-22T16:28:10.000+02:00,uuid:b757b4aa-8575-42dd-90b7-420447c1b326,b757b4aa-8575-42dd-90b7-420447c1b326,2019-10-22T14:36:35,,
2019-10-22T16:28:10.000+02:00,11,3200,3200,2019-10-21T10:30:00.000+02:00,2019-10-21T11:15:00.000+02:00,2019-10-22T10:50:00.000+02:00,n/a,n/a,n/a,7,100,2,31,5,7,10,2,4,0,0,n/a,n/a,n/a,n/a,n/a,n/a,annet,0,2019-10-22T16:32:06.000+02:00,2019-10-22T16:28:10.000+02:00,2019-10-22T16:32:06.000+02:00,uuid:6f5f24e7-3ce7-4a1e-8c66-d4d98a73e632,6f5f24e7-3ce7-4a1e-8c66-d4d98a73e632,2019-10-22T14:36:36,,
2019-10-22T16:32:06.000+02:00,8,3600,3600,2019-10-21T10:30:00.000+02:00,2019-10-21T11:15:00.000+02:00,2019-10-22T10:50:00.000+02:00,n/a,n/a,340,7,1,2,2,0,6,1,2,0,0,1,5,1,2,0,0,n/a,annet,0,2019-10-22T16:40:41.000+02:00,2019-10-22T16:32:06.000+02:00,2019-10-22T16:40:41.000+02:00,uuid:552582b1-72a7-4f69-b75e-7528135ab9a0,552582b1-72a7-4f69-b75e-7528135ab9a0,2019-10-22T14:38:51,,
2019-10-22T16:40:41.000+02:00,8,3601,3601,2019-10-21T10:30:00.000+02:00,2019-10-21T11:15:00.000+02:00,2019-10-22T10:50:00.000+02:00,n/a,n/a,281.79,7,1,2,0,0,6,1,2,0,0,1,5,1,2,0,0,n/a,annet,0,2019-10-22T16:42:16.000+02:00,2019-10-22T16:40:41.000+02:00,2019-10-22T16:42:16.000+02:00,uuid:a66a42ca-3b43-4e30-b380-b82c41d8fd39,a66a42ca-3b43-4e30-b380-b82c41d8fd39,2019-10-22T14:40:25,,
2019-10-22T16:42:16.000+02:00,10,3800,3800,2019-10-21T10:30:00.000+02:00,2019-10-21T11:15:00.000+02:00,2019-10-22T10:50:00.000+02:00,n/a,21.52,n/a,7,10,2,0,0,7,1,2,0,0,1,6,1,2,0,0,n/a,wilson,0,2019-10-22T16:44:13.000+02:00,2019-10-22T16:42:16.000+02:00,2019-10-22T16:44:13.000+02:00,uuid:55485981-4003-495c-8632-c4c2b33caad2,55485981-4003-495c-8632-c4c2b33caad2,2019-10-22T14:42:25,,
2019-10-22T16:44:13.000+02:00,10,3801,3801,2019-10-21T10:30:00.000+02:00,2019-10-21T11:15:00.000+02:00,2019-10-22T10:50:00.000+02:00,n/a,18.91,n/a,7,10,2,0,0,7,1,2,0,0,1,6,1,2,0,0,n/a,wilson,0,2019-10-22T16:54:22.000+02:00,2019-10-22T16:44:13.000+02:00,2019-10-22T16:54:22.000+02:00,uuid:88010045-97c2-470f-9a00-78d13fb94548,88010045-97c2-470f-9a00-78d13fb94548,2019-10-22T14:52:32,,
2019-10-22T16:54:22.000+02:00,2,3700,3700,2019-10-21T10:30:00.000+02:00,2019-10-21T11:15:00.000+02:00,2019-10-22T10:50:00.000+02:00,168.4,n/a,n/a,7,10,2,1,0,7,1,2,0,0,1,6,1,2,0,0,n/a,wilson,0,2019-10-22T16:56:00.000+02:00,2019-10-22T16:54:22.000+02:00,2019-10-22T16:56:00.000+02:00,uuid:8eb336de-5f1e-4129-827f-fdfa10d9e6ad,8eb336de-5f1e-4129-827f-fdfa10d9e6ad,2019-10-22T14:54:09,,
2019-10-22T16:56:00.000+02:00,2,3701,3701,2019-10-21T10:30:00.000+02:00,2019-10-21T11:15:00.000+02:00,2019-10-22T10:50:00.000+02:00,155.23,n/a,n/a,7,10,2,0,0,7,1,2,0,0,1,6,1,2,0,0,n/a,wilson,0,2019-10-22T16:57:31.000+02:00,2019-10-22T16:56:00.000+02:00,2019-10-22T16:57:31.000+02:00,uuid:e1416a2b-85d4-4504-ba6a-038b68bd8627,e1416a2b-85d4-4504-ba6a-038b68bd8627,2019-10-22T14:55:40,,
2019-10-22T16:57:31.000+02:00,7,3500,3500,2019-10-21T10:30:00.000+02:00,2019-10-21T11:15:00.000+02:00,2019-10-22T10:50:00.000+02:00,n/a,n/a,n/a,7,10,2,0,0,6,1,2,0,0,0,n/a,n/a,n/a,n/a,n/a,n/a,wilson,0,2019-10-22T16:58:50.000+02:00,2019-10-22T16:57:31.000+02:00,2019-10-22T16:58:50.000+02:00,uuid:9dc80952-566d-4945-bf28-560c5ec92ddd,9dc80952-566d-4945-bf28-560c5ec92ddd,2019-10-22T14:56:59,,
2019-10-22T16:58:50.000+02:00,7,3501,3501,2019-10-21T10:30:00.000+02:00,2019-10-21T11:15:00.000+02:00,2019-10-22T10:50:00.000+02:00,n/a,n/a,n/a,7,10,2,0,0,6,1,2,0,0,0,n/a,n/a,n/a,n/a,n/a,n/a,wilson,0,2019-10-22T17:00:06.000+02:00,2019-10-22T16:58:50.000+02:00,2019-10-22T17:00:06.000+02:00,uuid:b52556de-9ccc-4368-9ef9-f8b2b8c50e71,b52556de-9ccc-4368-9ef9-f8b2b8c50e71,2019-10-22T14:58:15,,
2019-10-22T17:00:06.000+02:00,11,3301,3301,2019-10-21T10:30:00.000+02:00,2019-10-21T11:15:00.000+02:00,2019-10-22T10:50:00.000+02:00,n/a,n/a,n/a,7,100,2,0,0,7,10,2,0,0,0,n/a,n/a,n/a,n/a,n/a,n/a,annet,0,2019-10-22T17:01:13.000+02:00,2019-10-22T17:00:06.000+02:00,2019-10-22T17:01:13.000+02:00,uuid:e46561ab-9883-48d3-88b3-f88ec40d36f2,e46561ab-9883-48d3-88b3-f88ec40d36f2,2019-10-22T14:59:50,,
2019-10-22T17:01:13.000+02:00,11,3300,3300,2019-10-21T10:30:00.000+02:00,2019-10-21T11:15:00.000+02:00,2019-10-22T10:50:00.000+02:00,n/a,n/a,n/a,7,100,2,0,0,7,10,2,0,0,0,n/a,n/a,n/a,n/a,n/a,n/a,annet,0,2019-10-22T17:03:02.000+02:00,2019-10-22T17:01:13.000+02:00,2019-10-22T17:03:02.000+02:00,uuid:632bd107-baa6-4d92-8ff6-443fff9973b3,632bd107-baa6-4d92-8ff6-443fff9973b3,2019-10-22T15:01:32,,
2019-10-23T11:40:26.000+02:00,7,3504,3504,2019-10-22T11:37:00.000+02:00,2019-10-22T13:06:00.000+02:00,2019-10-23T11:30:00.000+02:00,n/a,n/a,n/a,7,10,2,3,0,6,1,2,0,0,0,n/a,n/a,n/a,n/a,n/a,n/a,dorcas,0,2019-10-23T11:42:05.000+02:00,2019-10-23T11:40:26.000+02:00,2019-10-23T11:42:05.000+02:00,uuid:614f5bd5-7fcf-44e9-a89d-605ddeaba0ac,614f5bd5-7fcf-44e9-a89d-605ddeaba0ac,2019-10-23T09:40:37,,
2019-10-23T11:42:05.000+02:00,7,3503,3503,2019-10-22T11:37:00.000+02:00,2019-10-22T13:06:00.000+02:00,2019-10-23T11:30:00.000+02:00,n/a,n/a,n/a,7,10,2,0,0,6,1,2,0,0,0,n/a,n/a,n/a,n/a,n/a,n/a,dorcas,0,2019-10-23T11:43:41.000+02:00,2019-10-23T11:42:05.000+02:00,2019-10-23T11:43:41.000+02:00,uuid:98aa72c9-2efb-4f9a-8dc3-035d25cd49ed,98aa72c9-2efb-4f9a-8dc3-035d25cd49ed,2019-10-23T09:42:13,,
2019-10-23T11:43:41.000+02:00,7,3502,3502,2019-10-22T11:37:00.000+02:00,2019-10-22T13:06:00.000+02:00,2019-10-23T11:30:00.000+02:00,n/a,n/a,n/a,7,10,2,0,0,6,1,2,0,0,0,n/a,n/a,n/a,n/a,n/a,n/a,dorcas,0,2019-10-23T11:44:57.000+02:00,2019-10-23T11:43:41.000+02:00,2019-10-23T11:44:57.000+02:00,uuid:9df0f89f-673e-4b53-969a-9be334fc8fb0,9df0f89f-673e-4b53-969a-9be334fc8fb0,2019-10-23T09:43:28,,
2019-10-23T11:44:57.000+02:00,3,3102,3102,2019-10-22T11:37:00.000+02:00,2019-10-22T13:06:00.000+02:00,2019-10-23T11:30:00.000+02:00,n/a,n/a,n/a,7,100,2,7,1,7,10,2,2,1,0,n/a,n/a,n/a,n/a,n/a,n/a,wilson,0,2019-10-23T11:49:23.000+02:00,2019-10-23T11:44:57.000+02:00,2019-10-23T11:49:23.000+02:00,uuid:3a5f2918-b0cf-4a32-8486-f8b5295226c7,3a5f2918-b0cf-4a32-8486-f8b5295226c7,2019-10-23T09:47:58,,
2019-10-23T11:49:23.000+02:00,3,3103,3103,2019-10-22T11:37:00.000+02:00,2019-10-22T13:06:00.000+02:00,2019-10-23T11:30:00.000+02:00,n/a,n/a,n/a,7,100,2,0,0,7,10,2,0,0,0,n/a,n/a,n/a,n/a,n/a,n/a,wilson,0,2019-10-23T11:50:31.000+02:00,2019-10-23T11:49:23.000+02:00,2019-10-23T11:50:31.000+02:00,uuid:93415912-633a-4bb2-baba-410f7624a3cc,93415912-633a-4bb2-baba-410f7624a3cc,2019-10-23T09:49:02,,
2019-10-23T11:50:31.000+02:00,3,3104,3104,2019-10-22T11:37:00.000+02:00,2019-10-22T13:06:00.000+02:00,2019-10-23T11:30:00.000+02:00,n/a,n/a,n/a,7,100,2,1,0,7,10,2,0,0,0,n/a,n/a,n/a,n/a,n/a,n/a,wilson,0,2019-10-23T11:52:06.000+02:00,2019-10-23T11:50:31.000+02:00,2019-10-23T11:52:06.000+02:00,uuid:ba9e3669-a51f-41bf-aab9-d1a1779c59f0,ba9e3669-a51f-41bf-aab9-d1a1779c59f0,2019-10-23T09:50:39,,
2019-10-23T11:52:06.000+02:00,3,3101,3101,2019-10-22T11:37:00.000+02:00,2019-10-22T13:06:00.000+02:00,2019-10-23T11:30:00.000+02:00,n/a,n/a,n/a,7,100,2,2,0,7,10,2,0,0,0,n/a,n/a,n/a,n/a,n/a,n/a,wilson,0,2019-11-01T08:18:59.000-04:00,2019-10-23T11:52:06.000+02:00,2019-11-01T08:18:59.000-04:00,uuid:04d8f2c6-95e7-4dd5-a14a-a70e3a9f64ef,04d8f2c6-95e7-4dd5-a14a-a70e3a9f64ef,2019-10-23T09:51:48,,
2019-10-23T11:53:15.000+02:00,3,3100,3100,2019-10-22T11:37:00.000+02:00,2019-10-22T13:06:00.000+02:00,2019-10-23T11:30:00.000+02:00,n/a,n/a,n/a,7,100,2,2,0,7,10,2,0,0,0,n/a,n/a,n/a,n/a,n/a,n/a,wilson,0,2019-10-23T11:54:33.000+02:00,2019-10-23T11:53:15.000+02:00,2019-10-23T11:54:33.000+02:00,uuid:0750e503-7765-4c15-b75a-97c136fd2d60,0750e503-7765-4c15-b75a-97c136fd2d60,2019-10-23T09:53:05,,
2019-10-23T11:54:33.000+02:00,1,3401,3401,2019-10-22T11:37:00.000+02:00,2019-10-22T13:06:00.000+02:00,2019-10-23T11:30:00.000+02:00,n/a,n/a,n/a,4,1,2,4,1,3,1,2,2,0,0,n/a,n/a,n/a,n/a,n/a,n/a,wilson,0,2019-10-23T11:55:56.000+02:00,2019-10-23T11:54:33.000+02:00,2019-10-23T11:55:56.000+02:00,uuid:d31c6dad-18b1-4faf-a493-ed353a858ac8,d31c6dad-18b1-4faf-a493-ed353a858ac8,2019-10-23T09:54:30,,
2019-10-23T11:55:56.000+02:00,1,3400,3400,2019-10-22T11:37:00.000+02:00,2019-10-22T13:06:00.000+02:00,2019-10-23T11:30:00.000+02:00,n/a,n/a,n/a,4,1,2,4,0,3,1,2,1,0,0,n/a,n/a,n/a,n/a,n/a,n/a,wilson,0,2019-10-23T11:57:06.000+02:00,2019-10-23T11:55:56.000+02:00,2019-10-23T11:57:06.000+02:00,uuid:737d05c4-14e7-4e27-9336-cdecc2f0e0f7,737d05c4-14e7-4e27-9336-cdecc2f0e0f7,2019-10-23T09:55:38,,
2019-10-23T11:57:06.000+02:00,1,3403,3403,2019-10-22T11:37:00.000+02:00,2019-10-22T13:06:00.000+02:00,2019-10-23T11:30:00.000+02:00,n/a,n/a,n/a,4,1,2,2,1,3,1,2,1,0,0,n/a,n/a,n/a,n/a,n/a,n/a,wilson,0,2019-10-23T11:58:22.000+02:00,2019-10-23T11:57:06.000+02:00,2019-10-23T11:58:22.000+02:00,uuid:bf36594c-023e-494b-a032-383cf2db79f5,bf36594c-023e-494b-a032-383cf2db79f5,2019-10-23T09:56:54,,
2019-10-23T11:58:22.000+02:00,1,3404,3404,2019-10-22T11:37:00.000+02:00,2019-10-22T13:06:00.000+02:00,2019-10-23T11:30:00.000+02:00,n/a,n/a,n/a,4,1,2,5,0,3,1,2,1,0,0,n/a,n/a,n/a,n/a,n/a,n/a,wilson,0,2019-10-23T11:59:34.000+02:00,2019-10-23T11:58:22.000+02:00,2019-10-23T11:59:34.000+02:00,uuid:df0e3f7f-280e-4dd3-b997-de42d447fcf7,df0e3f7f-280e-4dd3-b997-de42d447fcf7,2019-10-23T09:58:06,,
2019-10-23T11:59:34.000+02:00,1,3402,3402,2019-10-22T11:37:00.000+02:00,2019-10-22T13:06:00.000+02:00,2019-10-23T11:30:00.000+02:00,n/a,n/a,n/a,4,1,2,8,0,3,1,2,2,1,0,n/a,n/a,n/a,n/a,n/a,n/a,wilson,0,2019-10-23T12:00:39.000+02:00,2019-10-23T11:59:34.000+02:00,2019-10-23T12:00:39.000+02:00,uuid:6880f033-05eb-44d0-ab23-69abe6af2f5b,6880f033-05eb-44d0-ab23-69abe6af2f5b,2019-10-23T09:59:11,,
2019-10-23T12:00:40.000+02:00,11,3303,3303,2019-10-22T11:37:00.000+02:00,2019-10-22T13:06:00.000+02:00,2019-10-23T11:30:00.000+02:00,n/a,n/a,n/a,7,100,2,0,0,7,10,2,0,0,0,n/a,n/a,n/a,n/a,n/a,n/a,wilson,0,2019-10-23T12:02:01.000+02:00,2019-10-23T12:00:40.000+02:00,2019-10-23T12:02:01.000+02:00,uuid:07a4e3fc-2cda-4e38-a6ee-209b083c0ffa,07a4e3fc-2cda-4e38-a6ee-209b083c0ffa,2019-10-23T10:00:33,,
2019-10-23T12:02:01.000+02:00,11,3302,3302,2019-10-22T11:37:00.000+02:00,2019-10-22T13:06:00.000+02:00,2019-10-23T11:30:00.000+02:00,n/a,n/a,n/a,7,100,2,0,0,7,10,2,0,0,0,n/a,n/a,n/a,n/a,n/a,n/a,wilson,0,2019-10-23T12:03:08.000+02:00,2019-10-23T12:02:01.000+02:00,2019-10-23T12:03:08.000+02:00,uuid:17074c5b-e315-48b5-ab36-661486a8ca70,17074c5b-e315-48b5-ab36-661486a8ca70,2019-10-23T10:01:42,,
2019-10-23T12:03:08.000+02:00,11,3304,3304,2019-10-22T11:37:00.000+02:00,2019-10-22T13:06:00.000+02:00,2019-10-23T11:30:00.000+02:00,n/a,n/a,n/a,7,100,2,0,0,7,10,2,0,0,0,n/a,n/a,n/a,n/a,n/a,n/a,wilson,0,2019-10-23T12:04:15.000+02:00,2019-10-23T12:03:08.000+02:00,2019-10-23T12:04:15.000+02:00,uuid:4e02249f-2f06-43fb-b8c7-618af422e52b,4e02249f-2f06-43fb-b8c7-618af422e52b,2019-10-23T10:02:50,,
2019-10-23T12:04:16.000+02:00,8,3603,3603,2019-10-22T11:37:00.000+02:00,2019-10-22T13:06:00.000+02:00,2019-10-23T11:30:00.000+02:00,n/a,n/a,309,7,1,2,0,0,6,1,2,0,0,1,5,1,2,0,0,n/a,dorcas,0,2019-10-23T12:05:32.000+02:00,2019-10-23T12:04:16.000+02:00,2019-10-23T12:05:32.000+02:00,uuid:610b4f5d-93d1-4951-8328-229ab08e7189,610b4f5d-93d1-4951-8328-229ab08e7189,2019-10-23T10:04:05,,
2019-10-23T12:05:32.000+02:00,8,3604,3604,2019-10-22T11:37:00.000+02:00,2019-10-22T13:06:00.000+02:00,2019-10-23T11:30:00.000+02:00,n/a,n/a,299,7,1,2,0,0,6,1,2,0,0,1,5,1,2,0,0,n/a,dorcas,0,2019-10-23T12:06:44.000+02:00,2019-10-23T12:05:32.000+02:00,2019-10-23T12:06:44.000+02:00,uuid:77db9cb1-54b2-41fa-a9d7-060cfd63748a,77db9cb1-54b2-41fa-a9d7-060cfd63748a,2019-10-23T10:05:16,,
2019-10-23T12:06:44.000+02:00,8,3602,3602,2019-10-22T11:37:00.000+02:00,2019-10-22T13:06:00.000+02:00,2019-10-23T11:30:00.000+02:00,n/a,n/a,310,7,1,2,0,0,6,1,2,0,0,1,5,1,2,0,0,n/a,dorcas,0,2019-10-23T12:08:01.000+02:00,2019-10-23T12:06:44.000+02:00,2019-10-23T12:08:01.000+02:00,uuid:c7b81027-4975-4817-b7ee-e51c4cae171b,c7b81027-4975-4817-b7ee-e51c4cae171b,2019-10-23T10:06:33,,
2019-10-23T12:08:01.000+02:00,10,3803,3803,2019-10-22T11:37:00.000+02:00,2019-10-22T13:06:00.000+02:00,2019-10-23T11:30:00.000+02:00,n/a,45.58,n/a,7,10,2,0,0,7,1,2,0,0,1,6,1,2,0,0,n/a,dorcas,0,2019-10-23T12:10:18.000+02:00,2019-10-23T12:08:01.000+02:00,2019-10-23T12:10:18.000+02:00,uuid:bbfb371f-c022-4d27-8990-c2bf94ec6bb6,bbfb371f-c022-4d27-8990-c2bf94ec6bb6,2019-10-23T10:08:50,,
2019-10-23T12:10:19.000+02:00,10,3804,3804,2019-10-22T11:37:00.000+02:00,2019-10-22T13:06:00.000+02:00,2019-10-23T11:30:00.000+02:00,n/a,76.56,n/a,7,10,2,0,0,7,1,2,0,0,1,6,1,2,0,0,n/a,dorcas,0,2019-10-23T12:11:48.000+02:00,2019-10-23T12:10:19.000+02:00,2019-10-23T12:11:48.000+02:00,uuid:373ede0a-c745-4436-98d4-df064c6ee756,373ede0a-c745-4436-98d4-df064c6ee756,2019-10-23T10:10:20,,
2019-10-23T12:11:48.000+02:00,10,3802,3802,2019-10-22T11:37:00.000+02:00,2019-10-22T13:06:00.000+02:00,2019-10-23T11:30:00.000+02:00,n/a,108.93,n/a,7,10,2,0,0,7,1,2,0,0,1,6,1,2,0,0,n/a,dorcas,0,2019-10-23T12:13:07.000+02:00,2019-10-23T12:11:48.000+02:00,2019-10-23T12:13:07.000+02:00,uuid:6973389e-2270-44e5-8f46-1ed226264b70,6973389e-2270-44e5-8f46-1ed226264b70,2019-10-23T10:11:39,,
2019-10-23T12:13:08.000+02:00,2,3702,3702,2019-10-22T11:37:00.000+02:00,2019-10-22T13:06:00.000+02:00,2019-10-23T11:30:00.000+02:00,182.54,n/a,n/a,7,10,2,0,1,7,1,2,0,0,1,6,1,2,0,0,n/a,dorcas,0,2019-10-23T12:14:40.000+02:00,2019-10-23T12:13:08.000+02:00,2019-10-23T12:14:40.000+02:00,uuid:446c3472-09f7-416b-8364-85eab60d0cdc,446c3472-09f7-416b-8364-85eab60d0cdc,2019-10-23T10:13:12,,
2019-10-23T12:14:40.000+02:00,2,3703,3703,2019-10-22T11:37:00.000+02:00,2019-10-22T13:06:00.000+02:00,2019-10-23T11:30:00.000+02:00,198.68,n/a,n/a,7,10,2,2,0,7,1,2,0,0,1,6,1,2,0,0,n/a,dorcas,0,2019-10-23T12:15:54.000+02:00,2019-10-23T12:14:40.000+02:00,2019-10-23T12:15:54.000+02:00,uuid:c18acfd7-2a2b-4163-8f2b-8f9a0f9b20de,c18acfd7-2a2b-4163-8f2b-8f9a0f9b20de,2019-10-23T10:14:27,,
2019-10-23T12:15:54.000+02:00,2,3704,3704,2019-10-22T11:37:00.000+02:00,2019-10-22T13:06:00.000+02:00,2019-10-23T11:30:00.000+02:00,185.29,n/a,n/a,7,10,2,3,0,7,1,2,0,0,1,6,1,2,0,0,n/a,dorcas,0,2019-10-23T12:17:36.000+02:00,2019-10-23T12:15:55.000+02:00,2019-10-23T12:17:36.000+02:00,uuid:b2187b24-071c-4cd6-a13a-cf44679d65b7,b2187b24-071c-4cd6-a13a-cf44679d65b7,2019-10-23T10:16:08,,
2019-10-23T12:17:36.000+02:00,11,3202,3202,2019-10-22T11:37:00.000+02:00,2019-10-22T13:06:00.000+02:00,2019-10-23T11:30:00.000+02:00,n/a,n/a,n/a,7,100,2,29,4,7,10,2,8,0,0,n/a,n/a,n/a,n/a,n/a,n/a,wilson,0,2019-10-23T12:19:16.000+02:00,2019-10-23T12:17:36.000+02:00,2019-10-23T12:19:16.000+02:00,uuid:828298ec-9d2f-4dea-9f10-cc5c9194cbcd,828298ec-9d2f-4dea-9f10-cc5c9194cbcd,2019-10-23T10:17:48,,
2019-10-23T12:19:16.000+02:00,11,3203,3203,2019-10-22T11:37:00.000+02:00,2019-10-22T13:06:00.000+02:00,2019-10-23T11:30:00.000+02:00,n/a,n/a,n/a,7,100,2,30,6,7,10,2,9,0,0,n/a,n/a,n/a,n/a,n/a,n/a,wilson,0,2019-10-23T12:20:28.000+02:00,2019-10-23T12:19:16.000+02:00,2019-10-23T12:20:28.000+02:00,uuid:adbc62b2-2747-43b1-a8f7-aa2e04b85d0a,adbc62b2-2747-43b1-a8f7-aa2e04b85d0a,2019-10-23T10:18:59,,
2019-10-23T12:20:28.000+02:00,11,3204,3204,2019-10-22T11:37:00.000+02:00,2019-10-22T13:06:00.000+02:00,2019-10-23T11:30:00.000+02:00,n/a,n/a,n/a,7,100,2,34,6,7,10,2,9,0,0,n/a,n/a,n/a,n/a,n/a,n/a,wilson,0,2019-10-23T12:21:49.000+02:00,2019-10-23T12:20:28.000+02:00,2019-10-23T12:21:49.000+02:00,uuid:944d0e6c-b53a-4649-a8f1-3e841d320297,944d0e6c-b53a-4649-a8f1-3e841d320297,2019-10-23T10:20:22,,
2019-10-25T13:04:37.000+02:00,11,3305,3305,2019-10-23T10:35:00.000+02:00,2019-10-23T12:38:00.000+02:00,2019-10-24T13:13:00.000+02:00,n/a,n/a,n/a,7,100,2,49,26,7,10,2,35,4,0,n/a,n/a,n/a,n/a,n/a,n/a,annet,0,2019-10-25T13:05:38.000+02:00,2019-10-25T13:04:37.000+02:00,2019-10-25T13:05:38.000+02:00,uuid:16bc3510-29ff-476f-9fb0-44c16ccc45a0,16bc3510-29ff-476f-9fb0-44c16ccc45a0,2019-10-25T11:04:08,,
2019-10-25T13:05:38.000+02:00,11,3307,3307,2019-10-23T10:35:00.000+02:00,2019-10-23T12:38:00.000+02:00,2019-10-24T13:13:00.000+02:00,n/a,n/a,n/a,7,100,2,4,0,7,10,2,0,0,0,n/a,n/a,n/a,n/a,n/a,n/a,annet,0,2019-10-25T13:06:48.000+02:00,2019-10-25T13:05:38.000+02:00,2019-10-25T13:06:48.000+02:00,uuid:18b95152-e2ef-4780-a47c-47ee004dcd3a,18b95152-e2ef-4780-a47c-47ee004dcd3a,2019-10-25T11:05:19,,
2019-10-25T13:06:49.000+02:00,11,3308,3308,2019-10-23T10:35:00.000+02:00,2019-10-23T12:38:00.000+02:00,2019-10-24T13:13:00.000+02:00,n/a,n/a,n/a,7,100,2,22,0,7,10,2,3,0,0,n/a,n/a,n/a,n/a,n/a,n/a,annet,0,2019-10-25T13:07:56.000+02:00,2019-10-25T13:06:49.000+02:00,2019-10-25T13:07:56.000+02:00,uuid:f07cb531-674d-485d-bb47-c93d4502f10e,f07cb531-674d-485d-bb47-c93d4502f10e,2019-10-25T11:06:27,,
2019-10-25T13:07:56.000+02:00,3,3105,3105,2019-10-23T10:35:00.000+02:00,2019-10-23T12:38:00.000+02:00,2019-10-24T13:13:00.000+02:00,n/a,n/a,n/a,7,100,2,28,7,7,10,2,4,1,0,n/a,n/a,n/a,n/a,n/a,n/a,annet,0,2019-10-25T13:09:00.000+02:00,2019-10-25T13:07:56.000+02:00,2019-10-25T13:09:00.000+02:00,uuid:fd7dbcc3-eb5b-47c1-b6fa-2f84b80fcd01,fd7dbcc3-eb5b-47c1-b6fa-2f84b80fcd01,2019-10-25T11:07:30,,
2019-10-25T13:09:00.000+02:00,3,3108,3108,2019-10-23T10:35:00.000+02:00,2019-10-23T12:38:00.000+02:00,2019-10-24T13:13:00.000+02:00,n/a,n/a,n/a,7,100,2,46,12,7,10,2,17,1,0,n/a,n/a,n/a,n/a,n/a,n/a,annet,0,2019-10-25T13:11:43.000+02:00,2019-10-25T13:09:00.000+02:00,2019-10-25T13:11:43.000+02:00,uuid:0db56d8c-fe2b-4aa3-a827-ed623c7188ec,0db56d8c-fe2b-4aa3-a827-ed623c7188ec,2019-10-25T11:10:14,,
2019-10-25T13:11:43.000+02:00,3,3107,3107,2019-10-23T10:35:00.000+02:00,2019-10-23T12:38:00.000+02:00,2019-10-24T13:13:00.000+02:00,n/a,n/a,n/a,7,100,2,45,9,7,10,2,16,0,0,n/a,n/a,n/a,n/a,n/a,n/a,annet,0,2019-10-25T13:12:59.000+02:00,2019-10-25T13:11:43.000+02:00,2019-10-25T13:12:59.000+02:00,uuid:ae38caa7-1b02-4d60-a15b-705e6d790194,ae38caa7-1b02-4d60-a15b-705e6d790194,2019-10-25T11:11:30,,
2019-10-25T13:12:59.000+02:00,7,3505,3505,2019-10-23T10:35:00.000+02:00,2019-10-23T12:38:00.000+02:00,2019-10-24T13:13:00.000+02:00,n/a,n/a,n/a,7,10,2,7,0,6,1,2,0,0,0,n/a,n/a,n/a,n/a,n/a,n/a,dorcas,0,2019-11-01T08:15:52.000-04:00,2019-10-25T13:12:59.000+02:00,2019-11-01T08:15:52.000-04:00,uuid:946f15ef-96af-44c7-b629-ac4199fae3aa,946f15ef-96af-44c7-b629-ac4199fae3aa,2019-10-25T11:13:08,,
2019-10-25T13:14:37.000+02:00,7,3507,3507,2019-10-23T10:35:00.000+02:00,2019-10-23T12:38:00.000+02:00,2019-10-24T13:13:00.000+02:00,n/a,n/a,n/a,7,10,2,0,0,6,1,2,0,0,0,n/a,n/a,n/a,n/a,n/a,n/a,dorcas,0,2019-10-25T13:16:35.000+02:00,2019-10-25T13:14:37.000+02:00,2019-10-25T13:16:35.000+02:00,uuid:5a94d9de-1b7a-4156-b9b4-bfbd3f46657b,5a94d9de-1b7a-4156-b9b4-bfbd3f46657b,2019-10-25T11:15:05,,
2019-10-25T13:16:35.000+02:00,8,3605,3605,2019-10-23T10:35:00.000+02:00,2019-10-23T12:38:00.000+02:00,2019-10-24T13:13:00.000+02:00,n/a,n/a,309,7,1,2,1,0,6,1,2,0,0,1,5,1,2,0,0,n/a,wilson,0,2019-10-25T13:17:47.000+02:00,2019-10-25T13:16:35.000+02:00,2019-10-25T13:17:47.000+02:00,uuid:d5fe19e5-248e-467b-bb3e-c3119e731219,d5fe19e5-248e-467b-bb3e-c3119e731219,2019-10-25T11:16:18,,
2019-10-25T13:17:47.000+02:00,8,3608,3608,2019-10-23T10:35:00.000+02:00,2019-10-23T12:38:00.000+02:00,2019-10-24T13:13:00.000+02:00,n/a,n/a,300,7,1,2,3,0,6,1,2,1,0,1,5,1,2,0,0,n/a,wilson,0,2019-10-25T13:19:10.000+02:00,2019-10-25T13:17:47.000+02:00,2019-10-25T13:19:10.000+02:00,uuid:eb372d6c-3697-4422-8f72-d4d3bc009e85,eb372d6c-3697-4422-8f72-d4d3bc009e85,2019-10-25T11:17:41,,
2019-10-25T13:19:11.000+02:00,8,3607,3607,2019-10-23T10:35:00.000+02:00,2019-10-23T12:38:00.000+02:00,2019-10-24T13:13:00.000+02:00,n/a,n/a,289,7,1,2,2,0,6,1,2,0,0,1,5,1,2,0,0,n/a,wilson,0,2019-10-25T13:20:30.000+02:00,2019-10-25T13:19:11.000+02:00,2019-10-25T13:20:30.000+02:00,uuid:6a2ee1d6-d7fb-41e1-9cf5-be26bf06e6c4,6a2ee1d6-d7fb-41e1-9cf5-be26bf06e6c4,2019-10-25T11:19:01,,
2019-10-25T13:20:30.000+02:00,10,3808,3808,2019-10-23T10:35:00.000+02:00,2019-10-23T12:38:00.000+02:00,2019-10-24T13:13:00.000+02:00,n/a,28.32,n/a,7,10,2,0,0,7,1,2,0,0,1,6,1,2,0,0,n/a,dorcas,0,2019-10-25T13:21:54.000+02:00,2019-10-25T13:20:30.000+02:00,2019-10-25T13:21:54.000+02:00,uuid:69dfe6e0-881f-427f-9926-b9edfc45a157,69dfe6e0-881f-427f-9926-b9edfc45a157,2019-10-25T11:20:25,,
2019-10-25T13:21:54.000+02:00,10,3805,3805,2019-10-23T10:35:00.000+02:00,2019-10-23T12:38:00.000+02:00,2019-10-24T13:13:00.000+02:00,n/a,67.45,n/a,7,10,2,0,0,7,1,2,0,0,1,6,1,2,0,0,n/a,dorcas,0,2019-10-25T13:23:21.000+02:00,2019-10-25T13:21:54.000+02:00,2019-10-25T13:23:21.000+02:00,uuid:f95744c9-baa7-49e7-90af-19d9934b5e99,f95744c9-baa7-49e7-90af-19d9934b5e99,2019-10-25T11:21:52,,
2019-10-25T13:23:21.000+02:00,10,3807,3807,2019-10-23T10:35:00.000+02:00,2019-10-23T12:38:00.000+02:00,2019-10-24T13:13:00.000+02:00,n/a,49.32,n/a,7,10,2,0,0,7,1,2,0,0,1,6,1,2,0,0,n/a,dorcas,0,2019-10-25T13:25:16.000+02:00,2019-10-25T13:23:21.000+02:00,2019-10-25T13:25:16.000+02:00,uuid:147f29fd-7bf9-40c5-a10e-1c7ab940304d,147f29fd-7bf9-40c5-a10e-1c7ab940304d,2019-10-25T11:23:47,,
2019-10-25T13:25:17.000+02:00,11,3205,3205,2019-10-23T10:35:00.000+02:00,2019-10-23T12:38:00.000+02:00,2019-10-24T13:13:00.000+02:00,n/a,n/a,n/a,7,100,2,49,45,7,10,2,45,15,0,n/a,n/a,n/a,n/a,n/a,n/a,annet,0,2019-10-25T13:26:36.000+02:00,2019-10-25T13:25:17.000+02:00,2019-10-25T13:26:36.000+02:00,uuid:7f198a3f-58d4-452a-a036-05b9ecfb10e7,7f198a3f-58d4-452a-a036-05b9ecfb10e7,2019-10-25T11:25:07,,
2019-10-25T13:26:36.000+02:00,11,3207,3207,2019-10-23T10:35:00.000+02:00,2019-10-23T12:38:00.000+02:00,2019-10-24T13:13:00.000+02:00,n/a,n/a,n/a,7,100,2,49,44,7,10,2,45,8,0,n/a,n/a,n/a,n/a,n/a,n/a,annet,0,2019-10-25T13:27:42.000+02:00,2019-10-25T13:26:36.000+02:00,2019-10-25T13:27:42.000+02:00,uuid:4c4a818e-4dea-4e5d-acd6-895abd570d5b,4c4a818e-4dea-4e5d-acd6-895abd570d5b,2019-10-25T11:26:12,,
2019-10-25T13:27:42.000+02:00,11,3208,3208,2019-10-23T10:35:00.000+02:00,2019-10-23T12:38:00.000+02:00,2019-10-24T13:13:00.000+02:00,n/a,n/a,n/a,7,100,2,49,45,7,10,2,48,16,0,n/a,n/a,n/a,n/a,n/a,n/a,annet,0,2019-10-25T13:28:58.000+02:00,2019-10-25T13:27:42.000+02:00,2019-10-25T13:28:58.000+02:00,uuid:9ddb5751-f810-409c-a45f-480639a1ed8d,9ddb5751-f810-409c-a45f-480639a1ed8d,2019-10-25T11:27:29,,
2019-10-25T13:28:58.000+02:00,1,3407,3407,2019-10-23T10:35:00.000+02:00,2019-10-23T12:38:00.000+02:00,2019-10-24T13:13:00.000+02:00,n/a,n/a,n/a,4,1,2,1,0,3,1,2,0,0,0,n/a,n/a,n/a,n/a,n/a,n/a,wilson,0,2019-10-25T13:30:14.000+02:00,2019-10-25T13:28:58.000+02:00,2019-10-25T13:30:14.000+02:00,uuid:c19682fd-5b7d-4a4a-90ba-933f654577d2,c19682fd-5b7d-4a4a-90ba-933f654577d2,2019-10-25T11:28:44,,
2019-10-25T13:30:14.000+02:00,1,3408,3408,2019-10-23T10:35:00.000+02:00,2019-10-23T12:38:00.000+02:00,2019-10-24T13:13:00.000+02:00,n/a,n/a,n/a,4,1,2,0,0,3,1,2,0,0,0,n/a,n/a,n/a,n/a,n/a,n/a,wilson,0,2019-10-25T13:31:28.000+02:00,2019-10-25T13:30:14.000+02:00,2019-10-25T13:31:28.000+02:00,uuid:3a88a928-1c60-4c8f-8043-1d761f361e66,3a88a928-1c60-4c8f-8043-1d761f361e66,2019-10-25T11:30:01,,
2019-10-25T13:31:29.000+02:00,1,3405,3405,2019-10-23T10:35:00.000+02:00,2019-10-24T12:38:00.000+02:00,2019-10-24T13:13:00.000+02:00,n/a,n/a,n/a,4,1,2,0,0,3,1,2,0,0,0,n/a,n/a,n/a,n/a,n/a,n/a,wilson,0,2019-10-25T13:32:39.000+02:00,2019-10-25T13:31:29.000+02:00,2019-10-25T13:32:39.000+02:00,uuid:a649571f-c42e-432f-8060-000eeb309422,a649571f-c42e-432f-8060-000eeb309422,2019-10-25T11:31:09,,
2019-10-25T13:32:39.000+02:00,2,3707,3707,2019-10-23T10:35:00.000+02:00,2019-10-23T12:38:00.000+02:00,2019-10-24T13:13:00.000+02:00,231.19,n/a,n/a,7,10,2,3,4,7,1,2,1,0,1,6,1,2,0,0,n/a,dorcas,0,2019-10-25T13:34:11.000+02:00,2019-10-25T13:32:39.000+02:00,2019-10-25T13:34:11.000+02:00,uuid:8a1a44b3-7895-4ab2-9cd7-68438c41a11e,8a1a44b3-7895-4ab2-9cd7-68438c41a11e,2019-10-25T11:32:42,,
2019-10-25T13:34:11.000+02:00,2,3708,3708,2019-10-23T10:35:00.000+02:00,2019-10-23T12:38:00.000+02:00,2019-10-24T13:13:00.000+02:00,192.01,n/a,n/a,7,10,2,8,1,7,1,2,2,0,1,6,1,2,0,0,n/a,dorcas,0,2019-10-25T13:35:42.000+02:00,2019-10-25T13:34:11.000+02:00,2019-10-25T13:35:42.000+02:00,uuid:551e6787-6e3d-48ef-aa07-8746221ffaa2,551e6787-6e3d-48ef-aa07-8746221ffaa2,2019-10-25T11:34:13,,
2019-10-25T13:35:42.000+02:00,2,3705,3705,2019-10-23T10:35:00.000+02:00,2019-10-23T12:38:00.000+02:00,2019-10-24T13:13:00.000+02:00,206.01,n/a,n/a,7,10,2,1,0,7,1,2,0,0,1,6,1,2,0,0,n/a,dorcas,0,2019-10-25T13:36:55.000+02:00,2019-10-25T13:35:42.000+02:00,2019-10-25T13:36:55.000+02:00,uuid:44b04293-3f74-46e2-9678-58ec9453ae3d,44b04293-3f74-46e2-9678-58ec9453ae3d,2019-10-25T11:35:26,,
2019-10-29T10:56:30.000+02:00,10,3806,3806,2019-10-28T10:20:00.000+02:00,2019-10-28T11:43:00.000+02:00,2019-10-29T10:40:00.000+02:00,n/a,65.22,n/a,7,10,2,0,0,7,1,2,0,0,1,6,1,2,0,0,n/a,wilson,0,2019-10-29T10:57:46.000+02:00,2019-10-29T10:56:30.000+02:00,2019-10-29T10:57:46.000+02:00,uuid:c090f8d0-a757-4567-9220-10260456e78c,c090f8d0-a757-4567-9220-10260456e78c,2019-10-29T08:56:15,,
2019-10-29T10:57:46.000+02:00,10,3809,3809,2019-10-28T10:20:00.000+02:00,2019-10-28T11:43:00.000+02:00,2019-10-29T01:10:00.000+02:00,n/a,63.72,n/a,7,10,2,0,0,7,1,2,0,0,1,6,1,2,0,0,n/a,wilson,0,2019-10-29T10:59:21.000+02:00,2019-10-29T10:57:46.000+02:00,2019-10-29T10:59:21.000+02:00,uuid:256131fa-978a-40ab-9011-2737d8de5f6d,256131fa-978a-40ab-9011-2737d8de5f6d,2019-10-29T08:57:51,,
2019-10-29T10:59:22.000+02:00,8,3609,3609,2019-10-28T10:20:00.000+02:00,2019-10-28T11:43:00.000+02:00,2019-10-29T10:40:00.000+02:00,n/a,n/a,290,7,1,2,0,0,6,1,2,0,0,1,5,1,2,0,0,n/a,annet,0,2019-10-29T11:02:13.000+02:00,2019-10-29T10:59:22.000+02:00,2019-10-29T11:02:13.000+02:00,uuid:055bbf02-97ab-4bf7-974b-6d163a884120,055bbf02-97ab-4bf7-974b-6d163a884120,2019-10-29T09:00:42,,
2019-10-29T11:02:13.000+02:00,8,3606,3606,2019-10-28T10:20:00.000+02:00,2019-10-28T11:43:00.000+02:00,2019-10-29T10:40:00.000+02:00,n/a,n/a,301,7,1,2,0,0,6,1,2,0,0,1,5,1,2,0,0,n/a,annet,0,2019-10-29T11:03:30.000+02:00,2019-10-29T11:02:13.000+02:00,2019-10-29T11:03:30.000+02:00,uuid:09c21de8-6d79-463a-9eba-c5399db5f7ea,09c21de8-6d79-463a-9eba-c5399db5f7ea,2019-10-29T09:01:59,,
2019-10-29T11:03:30.000+02:00,7,3508,3508,2019-10-28T10:20:00.000+02:00,2019-10-28T11:43:00.000+02:00,2019-10-29T10:40:00.000+02:00,n/a,n/a,n/a,7,10,2,0,0,6,1,2,0,0,0,n/a,n/a,n/a,n/a,n/a,n/a,dorcas,0,2019-10-29T11:04:54.000+02:00,2019-10-29T11:03:30.000+02:00,2019-10-29T11:04:54.000+02:00,uuid:da4d3982-b1c7-4ac2-a366-fcee6e334de2,da4d3982-b1c7-4ac2-a366-fcee6e334de2,2019-10-29T09:03:23,,
2019-10-29T11:04:54.000+02:00,7,3506,3506,2019-10-28T10:20:00.000+02:00,2019-10-28T11:43:00.000+02:00,2019-10-29T10:40:00.000+02:00,n/a,n/a,n/a,7,10,2,0,0,6,1,2,0,0,0,n/a,n/a,n/a,n/a,n/a,n/a,dorcas,0,2019-10-29T11:05:59.000+02:00,2019-10-29T11:04:54.000+02:00,2019-10-29T11:05:59.000+02:00,uuid:0244cfa5-30fa-43c4-82df-c20ba98cb603,0244cfa5-30fa-43c4-82df-c20ba98cb603,2019-10-29T09:04:28,,
2019-10-29T11:06:00.000+02:00,7,3509,3509,2019-10-28T10:20:00.000+02:00,2019-10-28T11:43:00.000+02:00,2019-10-29T10:40:00.000+02:00,n/a,n/a,n/a,7,10,2,0,0,6,1,2,0,0,0,n/a,n/a,n/a,n/a,n/a,n/a,dorcas,0,2019-10-29T11:07:11.000+02:00,2019-10-29T11:06:00.000+02:00,2019-10-29T11:07:11.000+02:00,uuid:8a1b2f31-9721-4204-ac62-dd0bfbde9d54,8a1b2f31-9721-4204-ac62-dd0bfbde9d54,2019-10-29T09:05:40,,
2019-10-29T11:07:11.000+02:00,11,3309,3309,2019-10-28T10:20:00.000+02:00,2019-10-28T11:43:00.000+02:00,2019-10-29T10:40:00.000+02:00,n/a,n/a,n/a,7,100,2,0,0,7,10,2,0,0,0,n/a,n/a,n/a,n/a,n/a,n/a,annet,0,2019-10-29T11:08:09.000+02:00,2019-10-29T11:07:11.000+02:00,2019-10-29T11:08:09.000+02:00,uuid:4309fe73-f62f-4f86-b486-ad29630bc570,4309fe73-f62f-4f86-b486-ad29630bc570,2019-10-29T09:06:37,,
2019-10-29T11:08:09.000+02:00,11,3306,3306,2019-10-28T10:20:00.000+02:00,2019-10-28T11:43:00.000+02:00,2019-10-29T10:40:00.000+02:00,n/a,n/a,n/a,7,100,2,0,0,7,10,2,0,0,0,n/a,n/a,n/a,n/a,n/a,n/a,annet,0,2019-10-29T11:09:06.000+02:00,2019-10-29T11:08:09.000+02:00,2019-10-29T11:09:06.000+02:00,uuid:75f7562b-8ceb-4fdf-ad9b-6ee4165eabd8,75f7562b-8ceb-4fdf-ad9b-6ee4165eabd8,2019-10-29T09:07:34,,
2019-10-29T11:09:06.000+02:00,3,3106,3106,2019-10-28T10:20:00.000+02:00,2019-10-28T11:43:00.000+02:00,2019-10-29T10:40:00.000+02:00,n/a,n/a,n/a,7,100,2,8,0,7,10,2,0,0,0,n/a,n/a,n/a,n/a,n/a,n/a,wilson,0,2019-10-29T11:10:22.000+02:00,2019-10-29T11:09:06.000+02:00,2019-10-29T11:10:22.000+02:00,uuid:eedf8b73-2373-4d9d-b831-ce86e7e774d6,eedf8b73-2373-4d9d-b831-ce86e7e774d6,2019-10-29T09:08:51,,
2019-10-29T11:10:22.000+02:00,3,3109,3109,2019-10-28T10:20:00.000+02:00,2019-10-28T11:43:00.000+02:00,2019-10-29T10:40:00.000+02:00,n/a,n/a,n/a,7,100,2,4,1,7,10,2,0,0,0,n/a,n/a,n/a,n/a,n/a,n/a,wilson,0,2019-10-29T11:11:44.000+02:00,2019-10-29T11:10:22.000+02:00,2019-10-29T11:11:44.000+02:00,uuid:40342764-8f12-4668-ae04-4f468bff1a0a,40342764-8f12-4668-ae04-4f468bff1a0a,2019-10-29T09:10:13,,
2019-10-29T11:11:44.000+02:00,2,3709,3709,2019-10-28T10:20:00.000+02:00,2019-10-28T11:43:00.000+02:00,2019-10-29T10:40:00.000+02:00,228.18,n/a,n/a,7,10,2,49,48,7,1,2,48,30,1,6,1,2,12,3,n/a,dorcas,0,2019-10-29T11:13:50.000+02:00,2019-10-29T11:11:44.000+02:00,2019-10-29T11:13:50.000+02:00,uuid:bb19da6c-b9dd-422e-9462-5aa4a88ad335,bb19da6c-b9dd-422e-9462-5aa4a88ad335,2019-10-29T09:12:19,,
2019-10-29T11:13:50.000+02:00,2,3706,3706,2019-10-28T10:20:00.000+02:00,2019-10-28T11:43:00.000+02:00,2019-10-29T10:40:00.000+02:00,256.86,n/a,n/a,7,10,2,0,0,7,1,2,0,0,1,6,1,2,0,0,n/a,dorcas,0,2019-10-29T11:15:06.000+02:00,2019-10-29T11:13:50.000+02:00,2019-10-29T11:15:06.000+02:00,uuid:ceeb8c8a-035f-41ff-a143-d7ceab217aa2,ceeb8c8a-035f-41ff-a143-d7ceab217aa2,2019-10-29T09:13:35,,
2019-10-29T11:15:06.000+02:00,11,3206,3206,2019-10-28T10:20:00.000+02:00,2019-10-28T11:43:00.000+02:00,2019-10-29T10:40:00.000+02:00,n/a,n/a,n/a,7,100,2,19,6,7,10,2,10,6,0,n/a,n/a,n/a,n/a,n/a,n/a,wilson,0,2019-10-29T11:16:22.000+02:00,2019-10-29T11:15:06.000+02:00,2019-10-29T11:16:22.000+02:00,uuid:8d5608a7-8ff4-4dd1-be5e-5c80646850c1,8d5608a7-8ff4-4dd1-be5e-5c80646850c1,2019-10-29T09:14:52,,
2019-10-29T11:16:23.000+02:00,11,3209,3209,2019-10-28T10:20:00.000+02:00,2019-10-28T11:43:00.000+02:00,2019-10-29T10:40:00.000+02:00,n/a,n/a,n/a,7,100,2,25,17,7,10,2,16,8,0,n/a,n/a,n/a,n/a,n/a,n/a,wilson,0,2019-10-29T11:17:30.000+02:00,2019-10-29T11:16:23.000+02:00,2019-10-29T11:17:30.000+02:00,uuid:8480b1e0-33d4-409d-9833-8c6772de7a1e,8480b1e0-33d4-409d-9833-8c6772de7a1e,2019-10-29T09:15:59,,
2019-10-29T11:17:30.000+02:00,1,3406,3406,2019-10-28T10:20:00.000+02:00,2019-10-28T11:43:00.000+02:00,2019-10-29T10:40:00.000+02:00,n/a,n/a,n/a,4,1,2,9,3,3,1,2,1,0,0,n/a,n/a,n/a,n/a,n/a,n/a,wilson,0,2019-10-29T11:18:47.000+02:00,2019-10-29T11:17:30.000+02:00,2019-10-29T11:18:47.000+02:00,uuid:b4e44f3a-8b70-4cb4-98d1-937ba23c3a3a,b4e44f3a-8b70-4cb4-98d1-937ba23c3a3a,2019-10-29T09:17:16,,
2019-10-29T11:18:47.000+02:00,1,3409,3409,2019-10-28T10:20:00.000+02:00,2019-10-28T11:43:00.000+02:00,2019-10-29T10:40:00.000+02:00,n/a,n/a,n/a,4,1,2,5,0,3,1,2,0,0,0,n/a,n/a,n/a,n/a,n/a,n/a,wilson,0,2019-10-29T11:20:19.000+02:00,2019-10-29T11:18:47.000+02:00,2019-10-29T11:20:19.000+02:00,uuid:b7f34b74-d88b-4d2e-9d25-3e322962c613,b7f34b74-d88b-4d2e-9d25-3e322962c613,2019-10-29T09:18:48,,
