ki_id,project,ki_type,interview_date,ki_city,ki_name,ki_title,ki_organization,interviewer_name,recorder_name
1,1,city,2014-02-21,VELLORE,NOT REVEALED,TAP INSPECTOR,TAMIL NADU WATER SUPPLY,ANNAI B.,ETHIRAJ
2,1,community,2014-02-25,VELLORE,SOOLAI SELVAM,WARD COUNCILOR- OLD TOWN,LOCAL SELF GOVERNMENT,ETHIRAJ,ANNAI B.
3,1,community,2014-02-25,VELLORE,KUPPUSAMY,WARD COUNCILOR -OLD TOWN,LOCAL SELF GOVERNMENT,ETHIRAJ,ANNAI B.
4,1,community,2014-03-10,VELLORE,MR. RENUGOPAL,[51 WARD] COUNSELOR - CHINNAALLAPURAM,LOCAL SELF GOVERNMENT,ETHIRAJ,ANNAI B.
5,1,community,2014-03-11,VELLORE,AR. AYUP KHAN,COUNSELOR - CHINNAALLAPURAM,LOCAL SELF GOVERNMENT,ETHIRAJ,ANNAI B.
6,1,city,2014-03-17,VELLORE,V.SHANMUGAM,ACTING FILTER,TAMIL NADU WATER SUPPLY,ANNAI B.,ETHIRAJ
