problem_id,ki_interview,problem_description,problem_reason,problem_location,population_affected
1,1,WATER STORAGE CONTAINER,PEOPLE NOT CLEANING THE WATER CONTAINER,IRREGULAR WATER SUPPLY,WATER GETTING CONTAMINATION
2,1,POCKET WATER,NIL,NIL,PLASTIC DIRECTLY AFFECT PEOPLE
3,1,LACK OF WATER SOURCE,"ALL THE RIVER AND PONDS, LAKE DRIED.","POOR MAINTENANCE
BY GOVERNMENT.",15 DAYS ONCE PEOPLE GETTING WATER.
4,6,"MORE GOVERNMENT
PLANS REQUIRED",NIL,NIL,NIL
6,6,LACKING IN RAIN,CLIMATE CHANGES,POLLUTION IS PROBLEM,"WATER SOURCE ARE 
DRIED"
