sample_id,project,neighborhood,sample_type,sample_name,collection_datetime,way_point,GPS_latitude,GPS_longitude,notes,processing_datetime,incubation_start_datetime,incubation_end_datetime,dilution1,dilution2,count1,count2,plate1_tntc,plate2_tntc,produce_weight,blank_count,collector_name,lab_operator_name
1,1,1,3,PVG005,2014-03-07 09:35:00,PUBT2,12.91378,79.13932,MARKET NEAR PUBLIC LATRINE AND DRAIN. ANIMAL FECES NEAR VENDOR.,2014-03-07 02:00:00,2014-03-07 16:00:00,2014-03-08 12:00:00,100,1000,8,0,False,False,25.0,0,THENPANDIYAN,DANIEL
2,1,1,1,PSL004,2014-03-11 10:30:00,Y,12.91198,79.14413,NEAR ANIMAL FECES,2014-03-11 16:00:00,2014-03-11 16:00:00,2014-03-12 16:00:00,100,1000,None,5,True,False,None,0,THENPANDIYAN,DANIEL
3,1,1,7,PBW001,2014-03-07 08:30:00,PBWOO1,12.91245,79.1394,NEAR ANIMAL FE ACES & DRAINAGE,2014-03-07 14:00:00,2014-03-07 16:00:00,2014-03-08 09:51:00,1,10,1,0,False,False,None,0,THENPANDIYAN,DANIEL
4,1,1,7,PBW002,2014-03-07 09:10:00,PBW002,12.91419,79.13724,"NEAR TO THE TANK OPEN DRAINAGE, ALSO SOME ANIMAL FECES",2014-03-07 14:00:00,2014-03-07 16:00:00,2014-03-08 09:57:00,10,100,0,0,False,False,None,0,THENPANDIYAN,DANIEL
5,1,1,7,PBW003,2014-03-07 10:05:00,PUBRJ1,12.91467,79.14012,"NEAR ANIMAL SHED
NEAR PUBLIC LATRINE NUMBER 3, PRE SCHOOL",2014-03-07 14:00:00,2014-03-07 16:00:00,2014-03-08 12:00:00,1,10,7,0,False,False,None,0,THENPANDIYAN,DANIEL
6,1,1,7,PBW004,2014-03-07 10:20:00,PUBT4,12.91451,79.14053,"NEAR DRAIN
GPS (TRANSECT WALK)",2014-03-07 14:00:00,2014-03-07 16:00:00,2014-03-08 12:00:00,1,10,5,0,False,False,None,0,THENPANDIYAN,DANIEL
7,1,1,7,PBW005,2014-03-07 10:30:00,PBW005,12.91327,79.14069,"NEAR OPEN DRAIN, ANIMAL FECES STORED PIPED WATER IN A TANK.",2014-03-07 14:00:00,2014-03-07 16:00:00,2014-03-08 12:00:00,1,10,0,0,False,False,None,0,THENPANDIYAN,DANIEL
8,1,1,7,PBW006,2014-03-07 10:35:00,PBW006,12.91314,7.14066,NEAR OPEN DRAIN,2014-03-07 14:00:00,2014-03-07 16:00:00,2014-03-08 12:00:00,1,10,0,0,False,False,None,0,THENPANDIYAN,DANIEL
9,1,1,2,PSW001,2014-03-07 08:40:00,PUBT1,12.91242,79.13789,"6 STALLS FOR FEMALE
6 STALLS FOR MALE.
* NEAR TO THE TOILET BIG SIZE OPEN DRAINAGE.
* SAMPLE COLLECTED IN WALL & TAP",2014-03-07 14:00:00,2014-03-07 16:00:00,2014-03-08 12:00:00,10,100,None,65,True,False,None,0,THENPANDIYAN,DANIEL
10,1,1,2,PSW002,2014-03-07 08:45:00,PUBT1,12.91242,79.13789,"6 STALLS FOR FEMALE
6 STALLS FOR MALE
* NEAR TO THE TOILET BIG SIZE OPEN DRAINAGE
* SAMPLE COLLECTED IN TAP & WALL
",2014-03-07 14:00:00,2014-03-07 16:00:00,2014-03-08 12:00:00,10,100,6,0,False,False,None,0,THENPANDIYAN,DANIEL
11,1,1,2,PSW003,2014-03-07 08:50:00,PUBT1,12.91242,79.13789,"6 STALLS FOR FEMALE
6 STALLS FOR MALE
* NEAR TO THE TOILET BIG SIZE OPEN DRAINAGE
* COLLECTED IN WALL & TAP.",2014-03-07 14:00:00,2014-03-07 16:00:00,2014-03-08 12:00:00,10,100,1,0,False,False,None,0,THENPANDIYAN,DANIEL
12,1,1,2,PSW004,2014-03-07 08:50:00,PUBT1,12.91242,79.13789,"6 STALLS FOR FEMALE, 6 STALLS FOR MALE.
* NEAR TO THE TOILET BIG SIZE OPEN DRAINAGE.
* SAMPLE COLLECTED IN WALL AND TAP.
",2014-03-07 11:39:00,2014-03-07 16:00:00,2014-03-08 12:00:00,10,100,None,85,True,False,None,0,THENPANDIYAN,DANIEL
13,1,1,2,PSW005,2014-03-07 09:15:00,PUBT2,12.91378,79.13932,"HAND WASHING STATION A LARGE TANK WITH A BOWL FOR FETCHING WATER.
FEMALE STALL.",2014-03-07 14:00:00,2014-03-07 16:00:00,2014-03-08 12:00:00,10,100,1,0,False,False,None,0,THENPANDIYAN,DANIEL
14,1,1,2,PSW006,2014-03-07 09:15:00,PUBT2,12.91378,79.13932,"HAND WASHING STATION A LARGE TANK WITH A BOWL FOR FETCHING WATER.
FEMALE STALL.",2014-03-07 14:00:00,2014-03-07 16:00:00,2014-03-08 12:00:00,10,100,None,16,True,False,None,0,THENPANDIYAN,DANIEL
15,1,1,2,PSW007,2014-03-07 09:25:00,PUBT2,12.91378,79.13932,"SAMPLE COLLECTED FROM WALL, TAP AND DOOR HANDLE
ALL MALE STALLS.",2014-03-07 14:00:00,2014-03-07 16:00:00,2014-03-08 12:00:00,10,100,None,None,True,True,None,0,THENPANDIYAN,DANIEL
16,1,1,2,PSW008,2014-03-07 09:25:00,PUBT2,12.91378,79.13932,ALL MALE STALLS,2014-03-07 14:00:00,2014-03-07 16:00:00,2014-03-08 12:00:00,10,100,None,35,True,False,None,0,THENPANDIYAN,DANIEL
17,1,1,2,PSW009,2014-03-07 09:50:00,PUBT3,12.91491,79.13997,"MALE STALL - 5 STALLS
WALL, TAP, BUCKET, DOOR HANDLE COLLECTED
",2014-03-07 14:00:00,2014-03-07 16:00:00,2014-03-08 12:00:00,10,100,10,0,False,False,None,0,THENPANDIYAN,DANIEL
18,1,1,3,PVG001,2014-03-04 10:00:00,PVG001,12.115,79.14638,"NEAR PUBLIC TAP, OPEN DRAINAGE, CHILD PLAY AREA, NEAR ANIMAL SHED AND ANIMAL 
FECES ALSO THERE SIDE.",2014-03-04 13:00:00,2014-03-04 16:30:00,2014-03-05 16:30:00,100,1000,19,1,False,False,300.0,0,THENPANDIYAN,DANIEL
19,1,1,3,PVG002,2014-03-05 10:40:00,PVG002,12.91227,79.14202,,2014-03-05 13:00:00,2014-03-05 16:00:00,2014-03-06 16:00:00,100,1000,5,1,False,False,60.0,0,THENPANDIYAN,BEN
20,1,1,3,PVG003,2014-03-05 10:45:00,PVG003,12.91227,79.14201,NEAR OPEN DRAINAGE & PUBLIC TAP,2014-03-05 13:00:00,2014-03-05 16:00:00,2014-03-06 16:00:00,100,1000,110,25,False,False,20.0,0,T. THENPANDIYAN,BEN
21,1,1,3,PVG004,2014-03-06 10:30:00,PVG004,12.9136,79.1415,,2014-03-06 13:00:00,2014-03-06 16:00:00,2014-03-07 16:00:00,100,1000,15,1,False,False,25.0,0,T. THENPANDIYAN,DANIEL
22,1,1,1,PSL001,2014-03-04 10:10:00,PSL001,12.91185,79.1456,"NEAR WATER TANK & CEMETERY
NEAR ANIMAL FECES
",2014-03-04 13:00:00,2014-03-04 16:30:00,2014-03-05 16:30:00,100,1000,16,1,False,False,None,0,A.GEETHA,DANIEL
23,1,1,4,PPW001,2014-03-05 11:35:00,PPW001,12.91353,79.14147,"NEAR OPEN DRAINAGE, DOUBLE SIDE TAP",2014-03-05 13:00:00,2014-03-05 16:00:00,2014-03-06 16:00:00,1,10,0,0,False,False,None,0,T. THENPANDIYAN,BEN
24,1,1,4,PPW002,2014-03-05 11:45:00,PPW002,12.91314,79.14137,,2014-03-05 13:00:00,2014-03-05 16:00:00,2014-03-06 16:00:00,1,10,0,0,False,False,None,0,T. THENPANDIYAN,BEN
25,1,1,2,PSW010,2014-03-07 09:50:00,PUBT3,12.91491,79.13997,"MALE STALL - 5 STALLS
COLLECTED WALL AND PLASTIC BUCKET, DOOR HANDLE
",2014-03-07 14:00:00,2014-03-07 16:00:00,2014-03-08 12:00:00,10,100,None,None,True,True,None,0,THENPANDIYAN,DANIEL
26,1,1,2,PSW011,2014-03-07 09:50:00,PUBT3,12.91491,79.13997,"5 FEMALE STALLS
COLLECTED FROM WALL, PLASTIC BUCKET, DOOR HANDLE
",2014-03-07 14:00:00,2014-03-07 16:00:00,2014-03-08 12:00:00,10,100,None,None,True,True,None,0,THENPANDIYAN,DANIEL
27,1,1,2,PSW012,2014-03-07 09:50:00,PUBT3,12.91491,79.13997,"FEMALE STALL - 5
COLLECTED WALL, BUCKET, DOOR HANDLE
",2014-03-07 14:00:00,2014-03-07 16:00:00,2014-03-08 12:00:00,10,100,None,None,True,True,None,0,THENPANDIYAN,DANIEL
28,1,1,1,PSL002,2014-03-06 10:20:00,PSL002,12.91273,79.14201,"CHILD PLAY AREA, NEAR ANIMAL FECES
",2014-03-06 13:00:00,2014-03-06 16:00:00,2014-03-07 16:00:00,100,1000,150,13,False,False,None,0,THENPANDIYAN,DANIEL
29,1,1,1,PSL006,2014-03-12 08:40:00,PSL006,12.91221,79.13871,NEAR ANIMAL SHED OPEN DRAINAGE,2014-03-12 14:00:00,2014-03-12 16:00:00,2014-03-13 16:00:00,100,1000,110,1,False,False,None,0,A.GEETHA,DANIEL
30,1,1,3,PVG007,2014-03-12 08:43:00,PVG007,12.91289,79.1381,,2014-03-12 14:00:00,2014-03-12 16:00:00,2014-03-13 16:00:00,100,1000,None,35,True,False,25.0,0,A.GEETHA,DANIEL
31,1,1,1,PSL005,2014-03-12 08:51:00,PSL005,12.91249,79.13819,,2014-03-12 14:00:00,2014-03-12 16:00:00,2014-03-13 16:00:00,100,1000,2,0,False,False,None,0,A.GEETHA,DANIEL
32,1,1,3,PVG006,2014-03-11 09:25:00,PVG006,12.90015,79.12305,NEAR OPEN DRAINAGE,2014-03-11 14:00:00,2014-03-11 16:00:00,2014-03-12 16:00:00,100,1000,170,16,False,False,75.0,0,T.THENPANDIYAN,DANIEL
33,1,1,4,PPW003,2014-03-11 10:45:00,PUBA1,12.91255,79.13816,NEAR OPEN DRAINAGE & CHILD PLAYING AREA,2014-03-11 14:00:00,2014-03-11 16:00:00,2014-03-12 16:00:00,1,10,0,0,False,False,None,0,T.THENPANDIYAN,DANIEL
34,1,1,4,PPW004,2014-03-19 08:50:00,PPW004,12.91231,79.14339,OPEN DRAIN AND ANIMAL FECES VISIBLE PIGS PLAYING IN THE OPEN DRAIN.,2014-03-19 14:00:00,2014-03-19 16:00:00,2014-03-20 16:00:00,1,10,None,10,True,False,None,0,B.ANNAI,DANIEL
35,1,1,7,PBW007,2014-03-19 08:10:00,PBW007,12.91254,79.14198,"NEAR THE TANK,  TEMPLE IS THERE, AND ALSO OPEN DRAIN AVAILABLE, ANIMAL WASTAGES VISIBLE",2014-03-19 14:00:00,2014-03-19 16:00:00,2014-03-20 09:13:00,1,10,1,0,False,False,None,0,B.ANNAI,DANIEL
36,1,1,7,PBW008,2014-03-19 08:20:00,PBW008,12.9122,79.19384,"NEAR THE TANK CHILD PLAY AREA AVAILABLE OPEN DRAIN ALSO VISIBLE, ANIMAL FECES ALSO VISIBLE.",2014-03-19 14:00:00,2014-03-19 09:29:00,2014-03-20 16:00:00,1,10,0,0,False,False,None,0,B.ANNAI,DANIEL
37,1,1,7,PBW009,2014-03-19 08:35:00,PBW009,12.91139,79.14675,"NEAR THE TANK DRAIN AND CHILDREN PLAY AREA IS THERE, AND ANIMAL FECES ALSO VISIBLE.",2014-03-19 14:00:00,2014-03-19 16:00:00,2014-03-20 16:00:00,1,10,0,0,False,False,None,0,B.ANNAI,DANIEL
38,1,1,7,PBW010,2014-03-19 08:45:00,PBW010,12.91125,79.14806,NEAR THE TANK AGRICULTURE LAND IS THERE. TEMPLE ALSO THERE.,2014-03-19 14:00:00,2014-03-19 16:00:00,2014-03-20 16:00:00,1,10,0,0,False,False,None,0,B.ANNAI,DANIEL
39,1,1,1,PSL009,2014-03-14 09:50:00,PSL009,12.91452,79.14073,"NEAR TEMPLE, NEAR DAMAGE DRAINAGE AND ANIMAL PLACES MIXED IN THIS SOIL.",2014-03-14 14:00:00,2014-03-14 16:00:00,2014-03-15 12:00:00,100,1000,17,2,False,False,None,0,A.GEETHA,DANIEL
40,1,1,1,PSL010,2014-03-14 10:05:00,PSL010,12.91136,79.1467,"NEAR TEMPLE, NEAR OPEN DEFECATION, AND WATER TANK, PUBLIC TAP, ANIMAL FECES.",2014-03-14 14:00:00,2014-03-14 14:09:00,2014-03-15 12:00:00,100,1000,4,0,False,False,None,0,A.GEETHA,DANIEL
41,1,1,1,PSL008,2014-03-14 09:45:00,PSL008,12.9146,79.14033,NEAR ANIMAL SHED,2014-03-14 14:00:00,2014-03-14 16:00:00,2014-03-15 12:00:00,100,1000,None,20,True,False,None,0,A.GEETHA,DANIEL
42,1,1,1,PSL007,2014-03-14 08:40:00,PSL007,12.91248,79.14088,"NEAR MAJITH 
ANIMAL FECES MIXED IN THIS SOIL.",2014-03-14 14:00:00,2014-03-14 16:00:00,2014-03-15 12:00:00,100,1000,None,3,True,False,None,0,A.GEETHA,DANIEL
43,1,1,3,PVG008,2014-03-14 08:55:00,PVG008,12.91295,79.14125,,2014-03-14 14:00:00,2014-03-14 16:00:00,2014-03-15 12:00:00,100,1000,None,None,True,True,180.0,0,A.GEETHA,DANIEL
44,1,1,3,PVG009,2014-03-14 09:30:00,PVG009,12.91303,79.14077,NEAR OPEN DRAINAGE,2014-03-14 14:00:00,2014-03-14 16:00:00,2014-03-15 12:00:00,100,1000,1,0,False,False,200.0,0,A.GEETHA,DANIEL
45,1,1,3,PVG010,2014-03-14 10:15:00,MARI,12.91022,79.14024,"THIS GENERAL VEGETABLES MARKET, MARKET IS BUILD ON CEMENT CONCRETE PLAT FORM ABOVE DRAIN.",2014-03-14 14:00:00,2014-03-14 16:00:00,2014-03-15 12:00:00,100,1000,0,0,False,False,20.0,0,A.GEETHA,DANIEL
46,1,1,1,PSL003,2014-03-07 10:36:00,PSL003,12.9128,79.14055,"PUBLIC CHILD PLAYING AREA
ANIMAL FECES VISIBLE, NEAR WELL AND OPEN DRAIN.",2014-03-07 14:00:00,2014-03-07 16:00:00,2014-03-08 12:00:00,100,1000,8,0,False,False,None,0,T.THENPANDIYAN,DANIEL
47,1,2,3,PVG101,2014-03-18 10:10:00,PVG101,12.90084,79.12321,NEAR OPEN DRAINAGE AND EMPTY FLAT.,2014-03-18 14:00:00,2014-03-18 16:00:00,2014-03-19 16:00:00,100,1000,12,2,False,False,250.0,0,T.THENPANDIYAN,DANIEL
48,1,2,3,PVG102,2014-03-20 10:18:00,PVG102,12.90135,79.12347,NEAR TEMPLE PUBLIC COMMON PLACE,2014-03-20 14:00:00,2014-03-20 16:00:00,2014-03-21 16:00:00,100,1000,43,10,False,False,20.0,0,T.THENPANDIYAN,DANIEL
49,1,2,3,PVG103,2014-03-21 08:35:00,CPVG001,12.89572,79.12326,NEAR EMPTY FLAT,2014-03-21 14:00:00,2014-03-21 16:00:00,2014-03-22 12:00:00,100,1000,13,1,False,False,15.0,0,T.THENPANDIYAN,DANIEL
50,1,2,3,PVG104,2014-03-21 09:20:00,CPVG002,12.89697,79.12476,,2014-03-21 14:00:00,2014-03-21 16:00:00,2014-03-22 12:00:00,100,1000,None,None,True,True,20.0,0,T.THENPANDIYAN,DANIEL
51,1,2,3,PVG105,2014-03-21 09:45:00,CPVG003,12.89784,79.12511,"NEAR PUBLIC COMMON PLACE, PLAY AREA WATER TANK",2014-03-21 14:00:00,2014-03-21 16:00:00,2014-03-22 12:00:00,100,1000,17,1,False,False,150.0,0,T.THENPANDIYAN,DANIEL
52,1,2,1,PSL101,2014-03-18 10:07:00,PSL101,12.90006,79.12314,NEAR OPEN ANIMAL SHED AND EMPTY FLAT.,2014-03-18 14:00:00,2014-03-18 16:00:00,2014-03-19 16:00:00,100,1000,133,19,False,False,None,0,T.THENPANDIYAN,DANIEL
53,1,2,1,PSL102,2014-03-20 10:21:00,PSL102,12.90124,79.12344,"NEAR ANIMAL SHED, TEMPLE, CHILD PLAY AREA. NEAR CAP CLINIC PUBLIC COMMON PLACE.",2014-03-20 14:00:00,2014-03-20 16:00:00,2014-03-21 16:00:00,100,1000,None,5,True,False,None,0,T.THENPANDIYAN,DANIEL
54,1,2,1,PSL103,2014-03-21 08:45:00,CPSL001,12.89609,79.12319,"NEAR PUBLIC TOILET, EMPTY FLAT",2014-03-21 14:00:00,2014-03-21 16:00:00,2014-03-22 12:00:00,100,1000,0,0,False,False,None,0,T.THENPANDIYAN,DANIEL
55,1,2,1,PSL105,2014-03-21 09:30:00,CPSL003,12.89715,79.12503,NEAR BALWADI,2014-03-21 14:00:00,2014-03-21 16:00:00,2014-03-22 12:00:00,100,1000,0,0,False,False,None,0,T.THENPANDIYAN,DANIEL
56,1,2,1,PSL104,2014-03-21 09:25:00,CPSL002,12.89703,79.124182,NEAR RAILWAY TRACK,2014-03-21 14:00:00,2014-03-21 16:00:00,2014-03-22 12:00:00,100,1000,3,47,False,False,None,0,T.THENPANDIYAN,DANIEL
57,1,2,1,PSL106,2014-03-21 09:35:00,CPSL004,12.89758,79.12501,"NEAR WATER TANK, ANIMAL FECES MIXED IN THIS SOIL. NEAR OPEN DRAINAGE.",2014-03-21 14:00:00,2014-03-21 16:00:00,2014-03-22 12:00:00,100,1000,0,0,False,False,None,0,T.THENPANDIYAN,DANIEL
58,1,2,1,PSL107,2014-03-21 09:50:00,CPSL005,12.89849,79.12538,NEAR PUBLIC TOILET.,2014-03-21 14:00:00,2014-03-21 16:00:00,2014-03-22 12:00:00,100,1000,0,0,False,False,None,0,T.THENPANDIYAN,DANIEL
59,1,2,1,PSL108,2014-03-21 10:20:00,CPSL006,12.8989,79.12577,"NEAR BORE WELL, RUBBISH DUMPING AREA.",2014-03-21 14:00:00,2014-03-21 16:00:00,2014-03-22 12:00:00,100,1000,0,0,False,False,None,0,T.THENPANDIYAN,DANIEL
60,1,2,1,PSL109,2014-03-21 10:40:00,CPSL007,12.90043,79.12555,SCHOOL,2014-03-21 14:00:00,2014-03-21 16:00:00,2014-03-22 12:00:00,100,1000,3,0,False,False,None,0,T.THENPANDIYAN,DANIEL
61,1,2,2,PSW101,2014-03-21 08:50:00,CPT001,12.8961,79.12336,"BUCKET, TAP, WALLS, DOOR",2014-03-21 14:00:00,2014-03-21 16:00:00,2014-03-22 12:00:00,10,100,23,None,False,True,None,0,SHIVAPRASAD,DANIEL
62,1,2,2,PSW102,2014-03-21 08:56:00,CPT001,12.8961,79.12336,"BUCKET, TAP WALLS, DOOR",2014-03-21 14:00:00,2014-03-21 14:16:00,2014-03-22 12:00:00,10,100,None,None,True,True,None,0,T.THENPANDIYAN,DANIEL
63,1,2,2,PSW103,2014-03-21 08:50:00,CPT001,12.8961,79.12336,"TAP, WALL, BUCKET, DOOR.",2014-03-21 14:00:00,2014-03-21 16:00:00,2014-03-22 12:00:00,10,100,None,None,True,True,None,0,A.GEETHA,DANIEL
64,1,2,2,PSW104,2014-03-21 08:55:00,CPT001,12.8961,79.12336,"TAP, WALL, DOOR, BUCKET.",2014-03-21 14:00:00,2014-03-21 16:00:00,2014-03-22 12:00:00,10,100,None,None,True,True,None,0,A.GEETHA,DANIEL
65,1,2,2,PSW106,2014-03-21 10:00:00,CPT002,12.89853,79.12516,"WALL, TAP, BUCKET",2014-03-21 14:00:00,2014-03-21 16:00:00,2014-03-22 12:00:00,10,100,152,1,False,False,None,0,A.GEETHA,DANIEL
66,1,2,4,PPW005,2014-03-24 16:20:00,PPW005,12.91381,79.1386,"NEAR UMK SCHOOL, OPEN DRAINAGE, TEMPLE.",2014-03-25 14:00:00,2014-03-25 16:00:00,2014-03-26 09:12:00,1,1,0,0,False,False,None,0,T.THENPANDIYAN,DANIEL
67,1,1,4,PPW010,2014-03-27 18:45:00,PPW010,12.91352,79.1401,"NEAR TO THE PUBLIC, CHILD DOING OPEN DEFECATE, HOUSE HOLDS WASHING CLOTHS AND VEHICLES. SOME ANIMAL FECES ALSO VISIBLE.",2014-03-28 14:00:00,2014-03-28 14:30:00,2014-03-29 11:00:00,1,1,0,0,False,False,None,0,ANNAI,DANIEL
68,1,1,4,PPW006,2014-03-24 16:35:00,PPW006,12.91245,79.13993,"NEAR OPEN DRAINAGE, OPEN ANIMAL SHED.",2014-03-25 14:00:00,2014-03-25 16:00:00,2014-03-26 16:00:00,1,1,0,0,False,False,None,0,T.THENPANDIYAN,DANIEL
69,1,1,4,PPW008,2014-03-27 18:10:00,PPW008,12.91333,79.14153,"OLD PUBLIC TOILET AVAILABLE NEAR TO THE TAP, OPEN DEFECATION ALSO HAPPENING NEAR THE TAP.",2014-03-28 14:00:00,2014-03-28 14:30:00,2014-03-29 11:00:00,1,1,0,0,False,False,None,0,ANNAI,DANIEL
70,1,1,4,PPW009,2014-03-27 18:30:00,PPW009,12.91455,79.14053,"NEAR TO THE PUBLIC TAP OPEN DRAIN THERE, AND HOUSE CONSTRUCTION ALSO GOING ON.",2014-03-28 14:00:00,2014-03-28 14:30:00,2014-03-29 11:00:00,1,1,0,0,False,False,None,0,ANNAI,DANIEL
71,1,1,4,PPW007,2014-03-27 17:50:00,PPW007,12.91252,79.14198,"NEAR TO THE PUBLIC BATHING WATER TANK AVAILABLE.
OPEN DRAIN 
ANIMAL FECES VISIBLES",2014-03-28 14:00:00,2014-03-28 14:30:00,2014-03-29 11:00:00,1,1,0,0,False,False,None,0,ANNAI,DANIEL
72,1,2,4,PPW101,2014-03-25 16:45:00,PPW101,12.90161,79.12318,"OPEN DRAIN NEAR PIPED WATER AVAILABLE.
STREET NAME: PATCHAYAPPA STREET 1",2014-03-26 09:30:00,2014-03-26 14:00:00,2014-03-27 14:00:00,1,1,0,0,False,False,None,0,T.THENPANDIYAN,DANIEL
73,1,2,4,PPW102,2014-03-25 17:00:00,PPW102,12.90122,79.12189,"NEAR OPEN DRAINS AVAILABLE, WATER NOT CLEAN.",2014-03-26 09:30:00,2014-03-26 14:00:00,2014-03-27 14:00:00,1,1,None,None,True,True,None,0,T.THENPANDIYAN,DANIEL
74,1,2,4,PPW103,2014-03-26 08:08:00,PPW103,12.90067,79.12511,"NEAR OPEN DRAINAGE, TEMPLE",2014-03-26 14:00:00,2014-03-26 16:00:00,2014-03-27 16:00:00,1,1,0,0,False,False,None,0,T.THENPANDIYAN,DANIEL
75,1,2,4,PPW104,2014-03-26 08:18:00,PPW104,12.9007,79.12531,"NEAR TEMPLE DRAINAGE, NEAR WATER TANK, TEMPLE, SCHOOL.
STREET NAME: PANATHOPPU-1",2014-03-26 14:00:00,2014-03-26 16:00:00,2014-03-27 16:00:00,1,1,0,0,False,False,None,0,T.THENPANDIYAN,DANIEL
76,1,2,4,PPW105,2014-03-26 08:27:00,PPW105,12.90117,79.12374,"NEAR CAP CLINIC OPPOSITE OPEN ANIMAL SHED 
RUBBISH DUMPING PLACE.
CAP MAIN ROAD.",2014-03-26 14:00:00,2014-03-26 16:00:00,2014-03-27 16:00:00,1,1,7,7,False,False,None,0,T.THENPANDIYAN,DANIEL
77,1,2,4,PPW106,2014-03-26 09:50:00,PPW106,12.90183,79.12319,"NEAR OPEN DRAINAGE
STREET: RN PALAYAM",2014-04-16 14:00:00,2014-03-26 16:00:00,2014-03-27 16:00:00,1,1,180,180,False,False,None,0,T.THENPANDIYAN,DANIEL
78,1,2,4,PPW107,2014-03-26 11:30:00,PPW107,12.90118,79.12372,NEAR CAP CLINIC,2014-03-26 14:00:00,2014-03-26 16:00:00,2014-03-27 16:00:00,1,1,0,0,False,False,None,0,T.THENPANDIYAN,DANIEL
79,1,2,4,PPW108,2014-03-26 11:40:00,PPW108,12.90075,79.12476,,2014-03-26 14:00:00,2014-03-26 16:00:00,2014-03-27 16:00:00,1,1,0,0,False,False,None,0,T.THENPANDIYAN,DANIEL
80,1,2,7,PBW106,2014-03-26 08:08:00,PBW106,12.90059,79.12512,"NEAR GOING OPEN DRAINAGE, ATTACHED WISH TEMPLE OPPOSITE TAP.",2014-03-26 14:00:00,2014-03-26 16:00:00,2014-03-27 16:00:00,1,1,0,0,False,False,None,0,A.GEETHA,DANIEL
81,1,2,7,PBW107,2014-03-26 08:38:00,PBW107,12.90095,79.12617,"NEAR MUSLIM CEMENTRY
NEAR OPEN DRAINAGE.",2014-03-26 14:00:00,2014-03-26 16:00:00,2014-03-27 16:00:00,1,1,0,0,False,False,None,0,A.GEETHA,DANIEL
82,1,2,7,PBW108,2014-03-26 09:18:00,CPBW009,12.90201,79.12679,OPEN DRAINAGE,2014-03-26 14:00:00,2014-03-26 16:00:00,2014-03-27 16:00:00,1,1,110,110,False,False,None,0,A.GEETHA,DANIEL
83,1,2,7,PBW109,2014-03-26 10:44:00,PBW109,12.9033,79.1217,"NEAR OPEN DRAINAGE, OLD HAND PIP",2014-03-26 14:00:00,2014-04-26 16:00:00,2014-03-27 16:00:00,1,1,0,0,False,False,None,0,T.THENPANDIYAN,DANIEL
84,1,2,7,PBW110,2014-03-26 09:46:00,PBW110,12.90332,79.12005,"NEAR BIG OPEN DRAINAGE.
NEAR TEMPLE",2014-03-26 14:00:00,2014-03-26 16:00:00,2014-03-27 16:00:00,1,1,2,2,False,False,None,0,A.GEETHA,DANIEL
85,1,2,4,PPW109,2014-03-26 12:25:00,PPW109,12.90111,79.12483,NEAR DRAINAGE,2014-03-26 03:45:00,2014-03-26 16:30:00,2014-03-27 16:30:00,1,1,0,0,False,False,None,0,T.THENPANDIYAN,DANIEL
86,1,2,2,PSW107,2014-03-26 09:00:00,CPT004,12.90159,79.12766,"NEAR MUSLIM CEMETRY OPEN DRAINAGE
SWAB-TAP, DOOR, WALLS, JUG.",2014-03-26 14:00:00,2014-03-26 16:00:00,2014-03-27 16:00:00,10,100,None,110,True,False,None,0,T.THENPANDIYAN,DANIEL
87,1,2,2,PWS108,2014-03-26 09:05:00,CPT004,12.90159,79.12766,"SWAB - TAP, DOOR, WALLS, JUG, FECES ALSO HERE IN THE FLOOR.",2014-03-26 14:00:00,2014-03-26 16:00:00,2014-03-27 16:00:00,10,100,None,90,True,False,None,0,T.THENPANDIYAN,DANIEL
88,1,2,2,PSW109,2014-03-26 11:05:00,CPT005,12.90055,79.12558,"2 STALL IN THE TOILET NO FECES HERE.
THIS IS SCHOOL TOILET - BOYS
SWAB - TAP, BUCKET, WALLS.",2014-03-26 14:00:00,2014-03-26 16:00:00,2014-03-27 16:00:00,10,100,1,0,False,False,None,0,T.THENPANDIYAN,DANIEL
89,1,2,4,PPW110,2014-03-26 12:30:00,PPW110,12.90114,79.12267,"NEAR OPEN DRAINAGE, NEAR PUBLIC TANK.",2014-03-26 03:45:00,2014-03-26 16:30:00,2014-03-27 16:30:00,1,1,0,0,False,False,None,0,T.THENPANDIYAN,DANIEL
90,1,2,2,PSW110,2014-03-26 11:05:00,CPT005,12.90055,79.12558,"SWAB - TAP, BUCKET, JUG, WALL",2014-03-26 14:00:00,2014-03-26 16:00:00,2014-03-27 14:00:00,10,100,0,0,False,False,None,0,T.THENPANDIYAN,DANIEL
91,1,2,2,PSW111,2014-03-26 11:00:00,CPT005,12.90055,79.12558,"NO FECES IN THE TOILET 2 STALLS
ONLY - GIRLS",2014-03-26 14:00:00,2014-03-26 16:00:00,2014-03-27 16:00:00,10,100,15,0,False,False,None,0,A.GEETHA,DANIEL
92,1,2,2,PSW112,2014-03-26 11:10:00,CPT005,12.90055,79.12558,TEACHERS TOILET -  1 STALL,2014-03-26 14:00:00,2014-03-26 16:00:00,2014-03-27 16:00:00,10,100,10,0,False,False,None,0,T.THENPANDIYAN,DANIEL
93,1,2,3,PVG106,2014-03-24 10:40:00,PVG106,12.89797,79.12268,NEAR ANIMAL SHED,2014-03-24 14:00:00,2014-03-24 16:00:00,2014-03-25 16:00:00,100,1000,7,1,False,False,10.0,0,T.THENPANDIYAN,DANIEL
94,1,2,3,PVG107,2014-03-24 10:45:00,PVG107,12.90093,79.12322,,2014-03-24 14:00:00,2014-03-24 16:00:00,2014-03-25 16:00:00,100,1000,1,0,False,False,100.0,0,T.THENPANDIYAN,DANIEL
95,1,2,3,PVG108,2014-03-26 09:28:00,CPVG004,12.90298,79.12327,NEAR CHICKEN STALL,2014-03-26 14:00:00,2014-03-26 16:00:00,2014-03-27 16:00:00,100,1000,25,2,False,False,50.0,0,A.GEETHA,DANIEL
96,1,2,3,PVG109,2014-03-26 10:15:00,PVG109,12.90083,79.12469,NEAR OPEN BIG DRAINAGE & PUBLIC TAP,2014-03-26 14:00:00,2014-03-26 16:00:00,2014-03-27 16:00:00,100,1000,None,190,True,False,15.0,0,A.GEETHA,DANIEL
97,1,2,3,PVG110,2014-03-26 10:25:00,PVG110,12.89765,79.13129,MAIN MARKET,2014-03-26 14:00:00,2014-03-26 16:00:00,2014-03-27 16:00:00,100,1000,1,0,False,False,10.0,0,A.GEETHA,DANIEL
98,1,2,1,PSL110,2014-03-26 09:12:00,CPSL008,12.90198,79.12761,"NEAR BEEF STALL, HAND BORE, OVER FLOW DRAINAGE RUBBISH DUMPING AREA, ANIMAL & CHILD FECES MIXED IN THE SOIL & NEEM TREE",2014-03-26 14:00:00,2014-03-26 16:00:00,2014-03-27 16:00:00,100,1000,None,120,True,False,None,0,T.THENPANDIYAN,DANIEL
99,1,2,7,PBW101,2014-03-21 08:30:00,CPBW001,12.89592,79.12331,"NEAR PUBLIC TOILET, EMPTY PLACE",2014-03-21 14:00:00,2014-03-21 16:00:00,2014-03-22 12:00:00,1,1,0,0,False,False,None,0,T.THENPANDIYAN,DANIEL
100,1,2,7,PBW102,2014-03-21 09:05:00,CPBW002,12.89685,79.12215,NEAR ANIMAL SHED,2014-03-21 14:00:00,2014-03-21 16:00:00,2014-03-22 12:00:00,1,1,0,0,False,False,None,0,T.THENPANDIYAN,DANIEL
101,1,2,7,PBW103,2014-03-21 09:15:00,CPBW003,12.8961,79.12432,"NEAR RAILWAY TRACK, TEMPLE, EMPTY FLAT",2014-03-21 14:00:00,2014-03-21 16:00:00,2014-03-22 12:00:00,1,1,4,4,False,False,None,0,T.THENPANDIYAN,DANIEL
102,1,2,7,PBW104,2014-03-21 10:15:00,CPBW007,12.89928,79.12572,NEAR PUBLIC RUBBISH DUMPING PLACE,2014-03-21 14:00:00,2014-03-21 16:00:00,2014-03-22 12:00:00,1,1,1,0,False,False,None,0,T.THENPANDIYAN,DANIEL
103,1,2,7,PBW105,2014-03-21 10:30:00,CPBW008,12.90029,79.12592,NEAR OPEN DRAINAGE,2014-03-21 14:00:00,2014-03-21 16:00:00,2014-03-22 12:00:00,1,1,0,0,False,False,None,0,T.THENPANDIYAN,DANIEL
104,1,2,2,PSW105,2014-03-21 09:55:00,CPT002,12.89853,79.12516,"TAP, MUG,Door",2014-03-21 14:00:00,2014-03-21 16:00:00,2014-03-22 12:00:00,10,100,4,0,False,False,None,0,A.GEETHA,DANIEL
105,1,1,4,PPW012,2014-04-02 18:52:00,PPW012,12.91132,79.14688,NEAR TO THE PUBLIC TAP TEMPLE AND BATHING WATER TANK AVAILABLE OPEN DRAIN ALSO VISIBLE,2014-04-03 11:00:00,2014-04-03 11:30:00,2014-04-04 11:45:00,1,1,16,16,False,False,None,0,B.ANNAI,BEN
106,1,1,4,PPW011,2014-04-02 18:25:00,PPW011,12.9116,79.14594,"NEAR THE PUBLIC TAP ANIMAL SHEDS AVAILABLE, OPEN DRAIN VISIBLE ALSO ANIMAL FECES ON THE ROAD",2014-04-03 11:00:00,2014-04-03 11:30:00,2014-04-04 11:45:00,1,1,11,11,False,False,None,0,B.ANNAI,BEN
