"","UID","dply_num","lab_date","sample_type","col_sample_type_alt","sampleid","mf","neighborhood","neighb_UID","ec_conc","sample_type_name","sample_type_var","country","city","citylabel","col_p_type","col_sf_type","produce","streetfood"
"1","11_02_1001",11,"2014-03-07",2,"",1001,TRUE,1,1101,4000,"Raw Produce","p","India","Vellore","Vellore 14",18,NA,"okra",NA
"2","11_02_1018",11,"2014-03-04",2,"",1018,TRUE,1,1101,9500,"Raw Produce","p","India","Vellore","Vellore 14",8,NA,"tomato",NA
"3","11_02_1019",11,"2014-03-05",2,"",1019,TRUE,1,1101,3750,"Raw Produce","p","India","Vellore","Vellore 14",18,NA,"okra",NA
"4","11_02_1020",11,"2014-03-05",2,"",1020,TRUE,1,1101,90000,"Raw Produce","p","India","Vellore","Vellore 14",16,NA,"coriander",NA
"5","11_02_1021",11,"2014-03-06",2,"",1021,TRUE,1,1101,7500,"Raw Produce","p","India","Vellore","Vellore 14",17,NA,"green chilly",NA
"6","11_02_1030",11,"2014-03-12",2,"",1030,TRUE,1,1101,175000,"Raw Produce","p","India","Vellore","Vellore 14",17,NA,"green chilly",NA
"7","11_02_1032",11,"2014-03-11",2,"",1032,TRUE,1,1101,82500,"Raw Produce","p","India","Vellore","Vellore 14",8,NA,"tomato",NA
"8","11_02_1043",11,"2014-03-14",2,"",1043,TRUE,1,1101,1e+06,"Raw Produce","p","India","Vellore","Vellore 14",8,NA,"tomato",NA
"9","11_02_1044",11,"2014-03-14",2,"",1044,TRUE,1,1101,500,"Raw Produce","p","India","Vellore","Vellore 14",8,NA,"tomato",NA
"10","11_02_1045",11,"2014-03-14",2,"",1045,TRUE,1,1101,250,"Raw Produce","p","India","Vellore","Vellore 14",8,NA,"tomato",NA
"11","11_02_1047",11,"2014-03-18",2,"",1047,TRUE,2,1102,6000,"Raw Produce","p","India","Vellore","Vellore 14",8,NA,"tomato",NA
"12","11_02_1048",11,"2014-03-20",2,"",1048,TRUE,2,1102,35750,"Raw Produce","p","India","Vellore","Vellore 14",17,NA,"green chilly",NA
"13","11_02_1049",11,"2014-03-21",2,"",1049,TRUE,2,1102,6500,"Raw Produce","p","India","Vellore","Vellore 14",16,NA,"coriander",NA
"14","11_02_1050",11,"2014-03-21",2,"",1050,TRUE,2,1102,1e+06,"Raw Produce","p","India","Vellore","Vellore 14",17,NA,"green chilly",NA
"15","11_02_1051",11,"2014-03-21",2,"",1051,TRUE,2,1102,8500,"Raw Produce","p","India","Vellore","Vellore 14",8,NA,"tomato",NA
"16","11_02_1093",11,"2014-03-24",2,"",1093,TRUE,2,1102,4250,"Raw Produce","p","India","Vellore","Vellore 14",16,NA,"coriander",NA
"17","11_02_1094",11,"2014-03-24",2,"",1094,TRUE,2,1102,500,"Raw Produce","p","India","Vellore","Vellore 14",8,NA,"tomato",NA
"18","11_02_1095",11,"2014-03-26",2,"",1095,TRUE,2,1102,12500,"Raw Produce","p","India","Vellore","Vellore 14",18,NA,"okra",NA
"19","11_02_1096",11,"2014-03-26",2,"",1096,TRUE,2,1102,950000,"Raw Produce","p","India","Vellore","Vellore 14",17,NA,"green chilly",NA
"20","11_02_1097",11,"2014-03-26",2,"",1097,TRUE,2,1102,500,"Raw Produce","p","India","Vellore","Vellore 14",16,NA,"coriander",NA
"21","03_02_0254",3,"2016-06-06",2,"",254,TRUE,5,305,1e+06,"Raw Produce","p","Ghana","Accra","Accra 16",4,NA,"lettuce",NA
"22","03_02_0255",3,"2016-06-06",2,"",255,TRUE,5,305,225000,"Raw Produce","p","Ghana","Accra","Accra 16",13,NA,"pepper",NA
"23","03_02_0256",3,"2016-06-06",2,"",256,TRUE,5,305,1e+06,"Raw Produce","p","Ghana","Accra","Accra 16",13,NA,"pepper",NA
"24","03_02_0257",3,"2016-06-06",2,"",257,TRUE,5,305,100,"Raw Produce","p","Ghana","Accra","Accra 16",8,NA,"tomato",NA
"25","03_02_0258",3,"2016-06-06",2,"",258,TRUE,5,305,25,"Raw Produce","p","Ghana","Accra","Accra 16",13,NA,"pepper",NA
"26","03_02_0259",3,"2016-06-06",2,"",259,TRUE,5,305,25,"Raw Produce","p","Ghana","Accra","Accra 16",13,NA,"pepper",NA
"27","03_02_0285",3,"2016-06-06",2,"",285,TRUE,5,305,NA,"Raw Produce","p","Ghana","Accra","Accra 16",8,NA,"tomato",NA
"28","03_02_0286",3,"2016-06-06",2,"",286,TRUE,5,305,650,"Raw Produce","p","Ghana","Accra","Accra 16",13,NA,"pepper",NA
"29","03_02_0287",3,"2016-06-06",2,"",287,TRUE,5,305,100,"Raw Produce","p","Ghana","Accra","Accra 16",13,NA,"pepper",NA
"30","03_02_0288",3,"2016-06-06",2,"",288,TRUE,5,305,25,"Raw Produce","p","Ghana","Accra","Accra 16",8,NA,"tomato",NA
"31","03_02_0289",3,"2016-06-06",2,"",289,TRUE,5,305,NA,"Raw Produce","p","Ghana","Accra","Accra 16",13,NA,"pepper",NA
"32","03_02_0408",3,"2016-06-22",2,"",408,TRUE,4,304,150,"Raw Produce","p","Ghana","Accra","Accra 16",8,NA,"tomato",NA
"33","03_02_0409",3,"2016-06-22",2,"",409,TRUE,4,304,500,"Raw Produce","p","Ghana","Accra","Accra 16",13,NA,"pepper",NA
"34","03_02_0420",3,"2016-06-22",2,"",420,TRUE,4,304,25,"Raw Produce","p","Ghana","Accra","Accra 16",8,NA,"tomato",NA
"35","03_02_0421",3,"2016-06-22",2,"",421,TRUE,4,304,1650,"Raw Produce","p","Ghana","Accra","Accra 16",13,NA,"pepper",NA
"36","03_02_0422",3,"2016-06-22",2,"",422,TRUE,4,304,50,"Raw Produce","p","Ghana","Accra","Accra 16",13,NA,"pepper",NA
"37","03_02_0423",3,"2016-06-22",2,"",423,TRUE,4,304,1850,"Raw Produce","p","Ghana","Accra","Accra 16",1,NA,"cabbage",NA
"38","03_02_0424",3,"2016-06-22",2,"",424,TRUE,4,304,NA,"Raw Produce","p","Ghana","Accra","Accra 16",13,NA,"pepper",NA
"39","03_02_0425",3,"2016-06-22",2,"",425,TRUE,4,304,400,"Raw Produce","p","Ghana","Accra","Accra 16",14,NA,"spring onion",NA
"40","03_02_0426",3,"2016-06-22",2,"",426,TRUE,4,304,50,"Raw Produce","p","Ghana","Accra","Accra 16",8,NA,"tomato",NA
"41","03_02_0427",3,"2016-06-22",2,"",427,TRUE,4,304,1e+06,"Raw Produce","p","Ghana","Accra","Accra 16",13,NA,"pepper",NA
"42","03_02_0462",3,"2016-07-04",2,"",462,TRUE,3,303,25,"Raw Produce","p","Ghana","Accra","Accra 16",8,NA,"tomato",NA
"43","03_02_0463",3,"2016-07-04",2,"",463,TRUE,3,303,NA,"Raw Produce","p","Ghana","Accra","Accra 16",14,NA,"spring onion",NA
"44","03_02_0464",3,"2016-07-04",2,"",464,TRUE,3,303,50,"Raw Produce","p","Ghana","Accra","Accra 16",13,NA,"pepper",NA
"45","03_02_0465",3,"2016-07-04",2,"",465,TRUE,3,303,775000,"Raw Produce","p","Ghana","Accra","Accra 16",4,NA,"lettuce",NA
"46","03_02_0466",3,"2016-07-04",2,"",466,TRUE,3,303,50,"Raw Produce","p","Ghana","Accra","Accra 16",1,NA,"cabbage",NA
"47","03_02_0510",3,"2016-07-04",2,"",510,TRUE,3,303,NA,"Raw Produce","p","Ghana","Accra","Accra 16",13,NA,"pepper",NA
"48","03_02_0512",3,"2016-07-04",2,"",512,TRUE,3,303,NA,"Raw Produce","p","Ghana","Accra","Accra 16",13,NA,"pepper",NA
"49","03_02_0513",3,"2016-07-04",2,"",513,TRUE,3,303,NA,"Raw Produce","p","Ghana","Accra","Accra 16",13,NA,"pepper",NA
"50","03_02_0514",3,"2016-07-04",2,"",514,TRUE,3,303,NA,"Raw Produce","p","Ghana","Accra","Accra 16",13,NA,"pepper",NA
"51","03_02_0680",3,"2016-04-21",2,"",680,TRUE,2,302,25,"Raw Produce","p","Ghana","Accra","Accra 16",8,NA,"tomato",NA
"52","03_02_0681",3,"2016-04-21",2,"",681,TRUE,2,302,25,"Raw Produce","p","Ghana","Accra","Accra 16",13,NA,"pepper",NA
"53","03_02_0682",3,"2016-04-21",2,"",682,TRUE,2,302,90000,"Raw Produce","p","Ghana","Accra","Accra 16",8,NA,"tomato",NA
"54","03_02_0683",3,"2016-04-21",2,"",683,TRUE,2,302,110000,"Raw Produce","p","Ghana","Accra","Accra 16",13,NA,"pepper",NA
"55","03_02_0684",3,"2016-04-21",2,"",684,TRUE,2,302,600,"Raw Produce","p","Ghana","Accra","Accra 16",8,NA,"tomato",NA
"56","03_02_0685",3,"2016-04-21",2,"",685,TRUE,2,302,900,"Raw Produce","p","Ghana","Accra","Accra 16",8,NA,"tomato",NA
"57","03_02_0686",3,"2016-04-21",2,"",686,TRUE,2,302,165000,"Raw Produce","p","Ghana","Accra","Accra 16",13,NA,"pepper",NA
"58","03_02_0687",3,"2016-04-21",2,"",687,TRUE,2,302,NA,"Raw Produce","p","Ghana","Accra","Accra 16",8,NA,"tomato",NA
"59","03_02_0688",3,"2016-04-21",2,"",688,TRUE,2,302,250,"Raw Produce","p","Ghana","Accra","Accra 16",13,NA,"pepper",NA
"60","03_02_0689",3,"2016-04-21",2,"",689,TRUE,2,302,25,"Raw Produce","p","Ghana","Accra","Accra 16",13,NA,"pepper",NA
"61","03_02_0690",3,"2016-04-21",2,"",690,TRUE,2,302,NA,"Raw Produce","p","Ghana","Accra","Accra 16",13,NA,"pepper",NA
"62","03_02_0691",3,"2016-04-21",2,"",691,TRUE,2,302,120000,"Raw Produce","p","Ghana","Accra","Accra 16",8,NA,"tomato",NA
"63","03_02_0692",3,"2016-04-21",2,"",692,TRUE,2,302,500,"Raw Produce","p","Ghana","Accra","Accra 16",13,NA,"pepper",NA
"64","03_02_0693",3,"2016-04-21",2,"",693,TRUE,2,302,25,"Raw Produce","p","Ghana","Accra","Accra 16",8,NA,"tomato",NA
"65","03_02_0694",3,"2016-04-21",2,"",694,TRUE,2,302,25,"Raw Produce","p","Ghana","Accra","Accra 16",8,NA,"tomato",NA
"66","03_02_0695",3,"2016-04-21",2,"",695,TRUE,2,302,25,"Raw Produce","p","Ghana","Accra","Accra 16",8,NA,"tomato",NA
"67","03_02_0696",3,"2016-04-21",2,"",696,TRUE,2,302,850,"Raw Produce","p","Ghana","Accra","Accra 16",13,NA,"pepper",NA
"68","03_02_0697",3,"2016-04-21",2,"",697,TRUE,2,302,1e+06,"Raw Produce","p","Ghana","Accra","Accra 16",13,NA,"pepper",NA
"69","03_02_0698",3,"2016-04-21",2,"",698,TRUE,2,302,25,"Raw Produce","p","Ghana","Accra","Accra 16",8,NA,"tomato",NA
"70","03_02_0699",3,"2016-04-21",2,"",699,TRUE,2,302,550,"Raw Produce","p","Ghana","Accra","Accra 16",13,NA,"pepper",NA
"71","03_02_0800",3,"2016-03-30",2,"",800,TRUE,1,301,25,"Raw Produce","p","Ghana","Accra","Accra 16",8,NA,"tomato",NA
"72","03_02_0801",3,"2016-03-30",2,"",801,TRUE,1,301,135000,"Raw Produce","p","Ghana","Accra","Accra 16",1,NA,"cabbage",NA
"73","03_02_0803",3,"2016-03-30",2,"",803,TRUE,1,301,40000,"Raw Produce","p","Ghana","Accra","Accra 16",14,NA,"spring onion",NA
"74","03_02_0807",3,"2016-03-30",2,"",807,TRUE,1,301,1e+06,"Raw Produce","p","Ghana","Accra","Accra 16",13,NA,"pepper",NA
"75","03_02_0811",3,"2016-03-30",2,"",811,TRUE,1,301,25,"Raw Produce","p","Ghana","Accra","Accra 16",11,NA,"apple",NA
"76","03_02_0825",3,"2016-03-23",2,"",825,TRUE,1,301,25,"Raw Produce","p","Ghana","Accra","Accra 16",8,NA,"tomato",NA
"77","03_02_0826",3,"2016-03-23",2,"",826,TRUE,1,301,140000,"Raw Produce","p","Ghana","Accra","Accra 16",13,NA,"pepper",NA
"78","03_02_0827",3,"2016-03-23",2,"",827,TRUE,1,301,20000,"Raw Produce","p","Ghana","Accra","Accra 16",13,NA,"pepper",NA
"79","03_02_0828",3,"2016-03-23",2,"",828,TRUE,1,301,165000,"Raw Produce","p","Ghana","Accra","Accra 16",12,NA,"carrot",NA
"80","03_02_0829",3,"2016-03-23",2,"",829,TRUE,1,301,1200,"Raw Produce","p","Ghana","Accra","Accra 16",2,NA,"cucumber",NA
"81","03_02_0831",3,"2016-03-24",2,"",831,TRUE,1,301,205000,"Raw Produce","p","Ghana","Accra","Accra 16",1,NA,"cabbage",NA
"82","03_02_0833",3,"2016-03-24",2,"",833,TRUE,1,301,610000,"Raw Produce","p","Ghana","Accra","Accra 16",13,NA,"pepper",NA
"83","03_02_0835",3,"2016-03-24",2,"",835,TRUE,1,301,50000,"Raw Produce","p","Ghana","Accra","Accra 16",12,NA,"carrot",NA
"84","03_02_0837",3,"2016-03-24",2,"",837,TRUE,1,301,315000,"Raw Produce","p","Ghana","Accra","Accra 16",13,NA,"pepper",NA
"85","03_02_0839",3,"2016-03-24",2,"",839,TRUE,1,301,20000,"Raw Produce","p","Ghana","Accra","Accra 16",8,NA,"tomato",NA
"86","03_02_0870",3,"2016-03-21",2,"",870,TRUE,1,301,220000,"Raw Produce","p","Ghana","Accra","Accra 16",8,NA,"tomato",NA
"87","03_02_0871",3,"2016-03-21",2,"",871,TRUE,1,301,NA,"Raw Produce","p","Ghana","Accra","Accra 16",12,NA,"carrot",NA
"88","03_02_0872",3,"2016-03-21",2,"",872,TRUE,1,301,420000,"Raw Produce","p","Ghana","Accra","Accra 16",13,NA,"pepper",NA
"89","03_02_0873",3,"2016-03-21",2,"",873,TRUE,1,301,150,"Raw Produce","p","Ghana","Accra","Accra 16",8,NA,"tomato",NA
"90","03_02_0874",3,"2016-03-21",2,"",874,TRUE,1,301,150,"Raw Produce","p","Ghana","Accra","Accra 16",13,NA,"pepper",NA
"91","08_02_1118",8,"2016-05-12",2,"",1118,TRUE,1,801,10000,"Raw Produce","p","Mozambique","Maputo","Maputo 16",8,NA,"tomato",NA
"92","08_02_1119",8,"2016-05-19",2,"",1119,TRUE,1,801,7500,"Raw Produce","p","Mozambique","Maputo","Maputo 16",8,NA,"tomato",NA
"93","08_02_1120",8,"2016-05-06",2,"",1120,TRUE,1,801,250,"Raw Produce","p","Mozambique","Maputo","Maputo 16",2,NA,"cucumber",NA
"94","08_02_1121",8,"2016-05-06",2,"",1121,TRUE,1,801,2500,"Raw Produce","p","Mozambique","Maputo","Maputo 16",4,NA,"lettuce",NA
"95","08_02_1122",8,"2016-05-31",2,"",1122,TRUE,1,801,1e+07,"Raw Produce","p","Mozambique","Maputo","Maputo 16",2,NA,"cucumber",NA
"96","08_02_1123",8,"2016-05-13",2,"",1123,TRUE,1,801,5500,"Raw Produce","p","Mozambique","Maputo","Maputo 16",4,NA,"lettuce",NA
"97","08_02_1124",8,"2016-05-12",2,"",1124,TRUE,1,801,1500,"Raw Produce","p","Mozambique","Maputo","Maputo 16",4,NA,"lettuce",NA
"98","08_02_1125",8,"2016-05-18",2,"",1125,TRUE,1,801,6000,"Raw Produce","p","Mozambique","Maputo","Maputo 16",2,NA,"cucumber",NA
"99","08_02_1126",8,"2016-05-19",2,"",1126,TRUE,1,801,4000,"Raw Produce","p","Mozambique","Maputo","Maputo 16",4,NA,"lettuce",NA
"100","08_02_1127",8,"2016-05-18",2,"",1127,TRUE,1,801,3000,"Raw Produce","p","Mozambique","Maputo","Maputo 16",4,NA,"lettuce",NA
"101","08_02_1128",8,"2016-05-31",2,"",1128,TRUE,1,801,1e+07,"Raw Produce","p","Mozambique","Maputo","Maputo 16",8,NA,"tomato",NA
"102","08_02_1129",8,"2016-05-24",2,"",1129,TRUE,1,801,17500,"Raw Produce","p","Mozambique","Maputo","Maputo 16",2,NA,"cucumber",NA
"103","08_02_1130",8,"2016-05-24",2,"",1130,TRUE,1,801,5000,"Raw Produce","p","Mozambique","Maputo","Maputo 16",8,NA,"tomato",NA
"104","08_02_1131",8,"2016-05-13",2,"",1131,TRUE,1,801,250,"Raw Produce","p","Mozambique","Maputo","Maputo 16",2,NA,"cucumber",NA
"105","08_02_1132",8,"2016-05-23",2,"",1132,TRUE,1,801,250,"Raw Produce","p","Mozambique","Maputo","Maputo 16",8,NA,"tomato",NA
"106","08_02_1133",8,"2016-05-05",2,"",1133,TRUE,2,802,250,"Raw Produce","p","Mozambique","Maputo","Maputo 16",8,NA,"tomato",NA
"107","08_02_1134",8,"2016-05-10",2,"",1134,TRUE,2,802,250000,"Raw Produce","p","Mozambique","Maputo","Maputo 16",8,NA,"tomato",NA
"108","08_02_1135",8,"2016-05-09",2,"",1135,TRUE,2,802,1e+07,"Raw Produce","p","Mozambique","Maputo","Maputo 16",4,NA,"lettuce",NA
"109","08_02_1136",8,"2016-05-10",2,"",1136,TRUE,2,802,6000,"Raw Produce","p","Mozambique","Maputo","Maputo 16",4,NA,"lettuce",NA
"110","08_02_1137",8,"2016-05-11",2,"",1137,TRUE,2,802,1e+07,"Raw Produce","p","Mozambique","Maputo","Maputo 16",2,NA,"cucumber",NA
"111","08_02_1138",8,"2016-05-09",2,"",1138,TRUE,2,802,1e+07,"Raw Produce","p","Mozambique","Maputo","Maputo 16",2,NA,"cucumber",NA
"112","08_02_1139",8,"2016-05-11",2,"",1139,TRUE,2,802,NA,"Raw Produce","p","Mozambique","Maputo","Maputo 16",8,NA,"tomato",NA
"113","08_02_1140",8,"2016-05-05",2,"",1140,TRUE,2,802,7000,"Raw Produce","p","Mozambique","Maputo","Maputo 16",4,NA,"lettuce",NA
"114","01_02_1270",1,"2016-09-08",2,"",1270,TRUE,1,101,5500,"Raw Produce","p","Cambodia","Siem Reap","Siem Reap 16",2,NA,"cucumber",NA
"115","01_02_1271",1,"2016-09-08",2,"",1271,TRUE,1,101,1200,"Raw Produce","p","Cambodia","Siem Reap","Siem Reap 16",4,NA,"lettuce",NA
"116","01_02_1272",1,"2016-09-08",2,"",1272,TRUE,1,101,1e+06,"Raw Produce","p","Cambodia","Siem Reap","Siem Reap 16",4,NA,"lettuce",NA
"117","01_02_1273",1,"2016-09-12",2,"",1273,TRUE,1,101,43750,"Raw Produce","p","Cambodia","Siem Reap","Siem Reap 16",2,NA,"cucumber",NA
"118","01_02_1274",1,"2016-09-12",2,"",1274,TRUE,1,101,725,"Raw Produce","p","Cambodia","Siem Reap","Siem Reap 16",8,NA,"tomato",NA
"119","01_02_1275",1,"2016-09-12",2,"",1275,TRUE,1,101,345000,"Raw Produce","p","Cambodia","Siem Reap","Siem Reap 16",7,NA,"salad",NA
"120","01_02_1276",1,"2016-09-12",2,"",1276,TRUE,1,101,210000,"Raw Produce","p","Cambodia","Siem Reap","Siem Reap 16",1,NA,"cabbage",NA
"121","01_02_1277",1,"2016-09-15",2,"",1277,TRUE,1,101,NA,"Raw Produce","p","Cambodia","Siem Reap","Siem Reap 16",2,NA,"cucumber",NA
"122","01_02_1278",1,"2016-09-15",2,"",1278,TRUE,1,101,NA,"Raw Produce","p","Cambodia","Siem Reap","Siem Reap 16",4,NA,"lettuce",NA
"123","01_02_1279",1,"2016-09-15",2,"",1279,TRUE,1,101,12775,"Raw Produce","p","Cambodia","Siem Reap","Siem Reap 16",3,NA,"egg plant",NA
"124","01_02_1280",1,"2016-10-04",2,"",1280,TRUE,2,102,NA,"Raw Produce","p","Cambodia","Siem Reap","Siem Reap 16",2,NA,"cucumber",NA
"125","01_02_1281",1,"2016-10-04",2,"",1281,TRUE,2,102,13500,"Raw Produce","p","Cambodia","Siem Reap","Siem Reap 16",4,NA,"lettuce",NA
"126","01_02_1282",1,"2016-10-04",2,"",1282,TRUE,2,102,300,"Raw Produce","p","Cambodia","Siem Reap","Siem Reap 16",5,NA,"long bean",NA
"127","01_02_1283",1,"2016-10-06",2,"",1283,TRUE,2,102,NA,"Raw Produce","p","Cambodia","Siem Reap","Siem Reap 16",7,NA,"salad",NA
"128","01_02_1284",1,"2016-10-06",2,"",1284,TRUE,2,102,650,"Raw Produce","p","Cambodia","Siem Reap","Siem Reap 16",10,NA,"wing bean",NA
"129","01_02_1285",1,"2016-10-06",2,"",1285,TRUE,2,102,63750,"Raw Produce","p","Cambodia","Siem Reap","Siem Reap 16",9,NA,"water mimosa",NA
"130","01_02_1286",1,"2016-10-11",2,"",1286,TRUE,2,102,1650,"Raw Produce","p","Cambodia","Siem Reap","Siem Reap 16",6,NA,"long plant",NA
"131","01_02_1287",1,"2016-10-11",2,"",1287,TRUE,2,102,750,"Raw Produce","p","Cambodia","Siem Reap","Siem Reap 16",8,NA,"tomato",NA
"132","01_02_1288",1,"2016-10-11",2,"",1288,TRUE,2,102,750,"Raw Produce","p","Cambodia","Siem Reap","Siem Reap 16",1,NA,"cabbage",NA
"133","01_02_1289",1,"2016-10-11",2,"",1289,TRUE,2,102,12000,"Raw Produce","p","Cambodia","Siem Reap","Siem Reap 16",2,NA,"cucumber",NA
"134","01_02_1290",1,"2016-10-13",2,"",1290,TRUE,4,104,25,"Raw Produce","p","Cambodia","Siem Reap","Siem Reap 16",2,NA,"cucumber",NA
"135","01_02_1291",1,"2016-10-13",2,"",1291,TRUE,4,104,64000,"Raw Produce","p","Cambodia","Siem Reap","Siem Reap 16",10,NA,"wing bean",NA
"136","01_02_1292",1,"2016-10-13",2,"",1292,TRUE,4,104,68250,"Raw Produce","p","Cambodia","Siem Reap","Siem Reap 16",3,NA,"egg plant",NA
"137","01_02_1293",1,"2016-10-18",2,"",1293,TRUE,4,104,100,"Raw Produce","p","Cambodia","Siem Reap","Siem Reap 16",5,NA,"long bean",NA
"138","01_02_1294",1,"2016-10-18",2,"",1294,TRUE,4,104,780000,"Raw Produce","p","Cambodia","Siem Reap","Siem Reap 16",4,NA,"lettuce",NA
"139","01_02_1295",1,"2016-10-18",2,"",1295,TRUE,4,104,3000,"Raw Produce","p","Cambodia","Siem Reap","Siem Reap 16",6,NA,"long plant",NA
"140","01_02_1296",1,"2016-10-18",2,"",1296,TRUE,4,104,23000,"Raw Produce","p","Cambodia","Siem Reap","Siem Reap 16",2,NA,"cucumber",NA
"141","01_02_1297",1,"2016-10-20",2,"",1297,TRUE,4,104,38500,"Raw Produce","p","Cambodia","Siem Reap","Siem Reap 16",1,NA,"cabbage",NA
"142","01_02_1298",1,"2016-10-20",2,"",1298,TRUE,4,104,210000,"Raw Produce","p","Cambodia","Siem Reap","Siem Reap 16",7,NA,"salad",NA
"143","01_02_1299",1,"2016-10-20",2,"",1299,TRUE,4,104,850,"Raw Produce","p","Cambodia","Siem Reap","Siem Reap 16",8,NA,"tomato",NA
"144","01_02_1300",1,"2016-11-08",2,"",1300,TRUE,5,105,240000,"Raw Produce","p","Cambodia","Siem Reap","Siem Reap 16",7,NA,"salad",NA
"145","01_02_1301",1,"2016-11-08",2,"",1301,TRUE,5,105,280000,"Raw Produce","p","Cambodia","Siem Reap","Siem Reap 16",2,NA,"cucumber",NA
"146","01_02_1302",1,"2016-11-08",2,"",1302,TRUE,5,105,540000,"Raw Produce","p","Cambodia","Siem Reap","Siem Reap 16",1,NA,"cabbage",NA
"147","10_02_2001",10,"2016-12-08",2,"",2001,TRUE,1,1001,25,"Raw Produce","p","USA","Atlanta","Atlanta 16",13,NA,"pepper",NA
"148","10_02_2002",10,"2016-12-08",2,"",2002,TRUE,1,1001,25,"Raw Produce","p","USA","Atlanta","Atlanta 16",8,NA,"tomato",NA
"149","10_02_2003",10,"2016-12-08",2,"",2003,TRUE,1,1001,25,"Raw Produce","p","USA","Atlanta","Atlanta 16",99,NA,"not defined",NA
"150","10_02_2004",10,"2016-12-02",2,"",2004,TRUE,1,1001,25,"Raw Produce","p","USA","Atlanta","Atlanta 16",4,NA,"lettuce",NA
"151","10_02_2005",10,"2016-12-02",2,"",2005,TRUE,1,1001,25,"Raw Produce","p","USA","Atlanta","Atlanta 16",13,NA,"pepper",NA
"152","10_02_2006",10,"2016-12-02",2,"",2006,TRUE,1,1001,25,"Raw Produce","p","USA","Atlanta","Atlanta 16",8,NA,"tomato",NA
"153","10_02_2007",10,"2016-12-01",2,"",2007,TRUE,1,1001,25,"Raw Produce","p","USA","Atlanta","Atlanta 16",8,NA,"tomato",NA
"154","10_02_2008",10,"2016-12-01",2,"",2008,TRUE,1,1001,25,"Raw Produce","p","USA","Atlanta","Atlanta 16",13,NA,"pepper",NA
"155","10_02_2009",10,"2016-12-01",2,"",2009,TRUE,1,1001,25,"Raw Produce","p","USA","Atlanta","Atlanta 16",4,NA,"lettuce",NA
"156","10_02_2010",10,"2016-12-08",2,"",2010,TRUE,1,1001,25,"Raw Produce","p","USA","Atlanta","Atlanta 16",2,NA,"cucumber",NA
"157","02_10_1037",2,"2017-04-11",10,"",1037,FALSE,1,201,4.875,"Street Food","sf","Bangladesh","Dhaka","Dhaka 17",NA,3,NA,"Belpuri"
"158","02_10_1038",2,"2017-04-11",10,"",1038,FALSE,1,201,5.2,"Street Food","sf","Bangladesh","Dhaka","Dhaka 17",NA,1,NA,"Fuska with chotpoti"
"159","02_10_1039",2,"2017-04-11",10,"",1039,FALSE,1,201,1445.5,"Street Food","sf","Bangladesh","Dhaka","Dhaka 17",NA,1,NA,"Fuska with chotpoti"
"160","02_10_1051",2,"2017-04-11",10,"",1051,FALSE,1,201,317437.5,"Street Food","sf","Bangladesh","Dhaka","Dhaka 17",NA,1,NA,"Fuska with chotpoti"
"161","02_10_1052",2,"2017-04-12",10,"",1052,FALSE,1,201,372.155,"Street Food","sf","Bangladesh","Dhaka","Dhaka 17",NA,2,NA,"Puffed rice"
"162","02_10_1053",2,"2017-04-12",10,"",1053,FALSE,1,201,1630.59,"Street Food","sf","Bangladesh","Dhaka","Dhaka 17",NA,1,NA,"Fuska with chotpoti"
"163","02_10_1054",2,"2017-04-12",10,"",1054,FALSE,1,201,NA,"Street Food","sf","Bangladesh","Dhaka","Dhaka 17",NA,1,NA,"Fuska with chotpoti"
"164","02_10_1055",2,"2017-04-12",10,"",1055,FALSE,1,201,NA,"Street Food","sf","Bangladesh","Dhaka","Dhaka 17",NA,1,NA,"Fuska with chotpoti"
"165","02_10_1083",2,"2017-04-13",10,"",1083,FALSE,1,201,186112.467,"Street Food","sf","Bangladesh","Dhaka","Dhaka 17",NA,2,NA,"Puffed rice"
"166","02_10_1084",2,"2017-04-13",10,"",1084,FALSE,1,201,14562.4125,"Street Food","sf","Bangladesh","Dhaka","Dhaka 17",NA,1,NA,"Fuska with chotpoti"
"167","02_10_1113",2,"2017-04-17",10,"",1113,FALSE,7,207,2167.14,"Street Food","sf","Bangladesh","Dhaka","Dhaka 17",NA,1,NA,"Fuska with chotpoti"
"168","02_10_1114",2,"2017-04-17",10,"",1114,FALSE,7,207,1244.96,"Street Food","sf","Bangladesh","Dhaka","Dhaka 17",NA,2,NA,"Puffed rice"
"169","02_10_1120",2,"2017-04-18",10,"",1120,FALSE,7,207,3079.52,"Street Food","sf","Bangladesh","Dhaka","Dhaka 17",NA,2,NA,"Puffed rice"
"170","02_10_1121",2,"2017-04-18",10,"",1121,FALSE,7,207,120.625,"Street Food","sf","Bangladesh","Dhaka","Dhaka 17",NA,1,NA,"Fuska with chotpoti"
"171","02_10_1122",2,"2017-04-18",10,"",1122,FALSE,7,207,1145.1,"Street Food","sf","Bangladesh","Dhaka","Dhaka 17",NA,1,NA,"Fuska with chotpoti"
"172","02_10_1144",2,"2017-04-19",10,"",1144,FALSE,7,207,27928.0875,"Street Food","sf","Bangladesh","Dhaka","Dhaka 17",NA,2,NA,"Puffed rice"
"173","02_10_1145",2,"2017-04-19",10,"",1145,FALSE,7,207,1105.272,"Street Food","sf","Bangladesh","Dhaka","Dhaka 17",NA,2,NA,"Puffed rice"
"174","02_10_1146",2,"2017-04-19",10,"",1146,FALSE,7,207,18777.458,"Street Food","sf","Bangladesh","Dhaka","Dhaka 17",NA,1,NA,"Fuska with chotpoti"
"175","02_10_1175",2,"2017-04-20",10,"",1175,FALSE,7,207,109.21,"Street Food","sf","Bangladesh","Dhaka","Dhaka 17",NA,1,NA,"Fuska with chotpoti"
"176","02_10_1176",2,"2017-04-20",10,"",1176,FALSE,7,207,2328.565,"Street Food","sf","Bangladesh","Dhaka","Dhaka 17",NA,1,NA,"Fuska with chotpoti"
"177","02_10_1192",2,"2017-04-23",10,"",1192,FALSE,8,208,72634.3,"Street Food","sf","Bangladesh","Dhaka","Dhaka 17",NA,2,NA,"Puffed rice"
"178","02_10_1193",2,"2017-04-23",10,"",1193,FALSE,8,208,616133.333333333,"Street Food","sf","Bangladesh","Dhaka","Dhaka 17",NA,1,NA,"Fuska with chotpoti"
"179","02_10_1206",2,"2017-04-24",10,"",1206,FALSE,8,208,NA,"Street Food","sf","Bangladesh","Dhaka","Dhaka 17",NA,2,NA,"Puffed rice"
"180","02_10_1207",2,"2017-04-24",10,"",1207,FALSE,8,208,44013.259,"Street Food","sf","Bangladesh","Dhaka","Dhaka 17",NA,1,NA,"Fuska with chotpoti"
"181","02_10_1239",2,"2017-04-25",10,"",1239,FALSE,8,208,3382.704,"Street Food","sf","Bangladesh","Dhaka","Dhaka 17",NA,1,NA,"Fuska with chotpoti"
"182","02_10_1240",2,"2017-04-25",10,"",1240,FALSE,8,208,3517.822,"Street Food","sf","Bangladesh","Dhaka","Dhaka 17",NA,2,NA,"Puffed rice"
"183","02_10_1245",2,"2017-04-26",10,"",1245,FALSE,8,208,4898.3555,"Street Food","sf","Bangladesh","Dhaka","Dhaka 17",NA,1,NA,"Fuska with chotpoti"
"184","02_10_1246",2,"2017-04-26",10,"",1246,FALSE,8,208,NA,"Street Food","sf","Bangladesh","Dhaka","Dhaka 17",NA,1,NA,"Fuska with chotpoti"
"185","02_10_1269",2,"2017-04-27",10,"",1269,FALSE,8,208,4366.1475,"Street Food","sf","Bangladesh","Dhaka","Dhaka 17",NA,1,NA,"Fuska with chotpoti"
"186","02_10_1270",2,"2017-04-27",10,"",1270,FALSE,8,208,138345.783333333,"Street Food","sf","Bangladesh","Dhaka","Dhaka 17",NA,1,NA,"Fuska with chotpoti"
"187","02_10_1277",2,"2017-05-02",10,"",1277,FALSE,9,209,NA,"Street Food","sf","Bangladesh","Dhaka","Dhaka 17",NA,1,NA,"Fuska with chotpoti"
"188","02_10_1278",2,"2017-05-02",10,"",1278,FALSE,9,209,186645.03,"Street Food","sf","Bangladesh","Dhaka","Dhaka 17",NA,2,NA,"Puffed rice"
"189","02_10_1316",2,"2017-05-03",10,"",1316,FALSE,9,209,152365.5,"Street Food","sf","Bangladesh","Dhaka","Dhaka 17",NA,2,NA,"Puffed rice"
"190","02_10_1317",2,"2017-05-03",10,"",1317,FALSE,9,209,3811.886,"Street Food","sf","Bangladesh","Dhaka","Dhaka 17",NA,1,NA,"Fuska with chotpoti"
"191","02_10_1318",2,"2017-05-03",10,"",1318,FALSE,9,209,NA,"Street Food","sf","Bangladesh","Dhaka","Dhaka 17",NA,2,NA,"Puffed rice"
"192","02_10_1340",2,"2017-05-04",10,"",1340,FALSE,9,209,28825.7196666667,"Street Food","sf","Bangladesh","Dhaka","Dhaka 17",NA,2,NA,"Puffed rice"
"193","02_10_1341",2,"2017-05-04",10,"",1341,FALSE,9,209,NA,"Street Food","sf","Bangladesh","Dhaka","Dhaka 17",NA,1,NA,"Fuska with chotpoti"
"194","02_10_1342",2,"2017-05-04",10,"",1342,FALSE,9,209,62.455,"Street Food","sf","Bangladesh","Dhaka","Dhaka 17",NA,2,NA,"Puffed rice"
"195","02_10_1351",2,"2017-05-07",10,"",1351,FALSE,9,209,2986.515,"Street Food","sf","Bangladesh","Dhaka","Dhaka 17",NA,1,NA,"Fuska with chotpoti"
"196","02_10_1352",2,"2017-05-07",10,"",1352,FALSE,9,209,NA,"Street Food","sf","Bangladesh","Dhaka","Dhaka 17",NA,1,NA,"Fuska with chotpoti"
"197","02_10_1367",2,"2017-05-08",10,"",1367,FALSE,4,204,63.28,"Street Food","sf","Bangladesh","Dhaka","Dhaka 17",NA,2,NA,"Puffed rice"
"198","02_10_1368",2,"2017-05-08",10,"",1368,FALSE,4,204,23493.948,"Street Food","sf","Bangladesh","Dhaka","Dhaka 17",NA,2,NA,"Puffed rice"
"199","02_10_1398",2,"2017-05-09",10,"",1398,FALSE,4,204,NA,"Street Food","sf","Bangladesh","Dhaka","Dhaka 17",NA,1,NA,"Fuska with chotpoti"
"200","02_10_1399",2,"2017-05-09",10,"",1399,FALSE,4,204,NA,"Street Food","sf","Bangladesh","Dhaka","Dhaka 17",NA,1,NA,"Fuska with chotpoti"
"201","02_10_1400",2,"2017-05-09",10,"",1400,FALSE,4,204,NA,"Street Food","sf","Bangladesh","Dhaka","Dhaka 17",NA,2,NA,"Puffed rice"
"202","02_10_1414",2,"2017-05-11",10,"",1414,FALSE,4,204,15696.7215,"Street Food","sf","Bangladesh","Dhaka","Dhaka 17",NA,1,NA,"Fuska with chotpoti"
"203","02_10_1415",2,"2017-05-11",10,"",1415,FALSE,4,204,816.56,"Street Food","sf","Bangladesh","Dhaka","Dhaka 17",NA,2,NA,"Puffed rice"
"204","02_10_1416",2,"2017-05-11",10,"",1416,FALSE,4,204,8941.38,"Street Food","sf","Bangladesh","Dhaka","Dhaka 17",NA,1,NA,"Fuska with chotpoti"
"205","02_10_1433",2,"2017-05-14",10,"",1433,FALSE,4,204,46.34,"Street Food","sf","Bangladesh","Dhaka","Dhaka 17",NA,1,NA,"Fuska with chotpoti"
"206","02_10_1434",2,"2017-05-14",10,"",1434,FALSE,4,204,874698.62,"Street Food","sf","Bangladesh","Dhaka","Dhaka 17",NA,1,NA,"Fuska with chotpoti"
"207","02_10_1464",2,"2017-05-16",10,"",1464,FALSE,10,210,48694.996,"Street Food","sf","Bangladesh","Dhaka","Dhaka 17",NA,1,NA,"Fuska with chotpoti"
"208","02_10_1465",2,"2017-05-16",10,"",1465,FALSE,10,210,368506.16,"Street Food","sf","Bangladesh","Dhaka","Dhaka 17",NA,2,NA,"Puffed rice"
"209","02_10_1475",2,"2017-05-17",10,"",1475,FALSE,10,210,184.12,"Street Food","sf","Bangladesh","Dhaka","Dhaka 17",NA,1,NA,"Fuska with chotpoti"
"210","02_10_1476",2,"2017-05-17",10,"",1476,FALSE,10,210,275.497,"Street Food","sf","Bangladesh","Dhaka","Dhaka 17",NA,1,NA,"Fuska with chotpoti"
"211","02_10_1477",2,"2017-05-17",10,"",1477,FALSE,10,210,636024.42,"Street Food","sf","Bangladesh","Dhaka","Dhaka 17",NA,2,NA,"Puffed rice"
"212","02_10_1499",2,"2017-05-18",10,"",1499,FALSE,10,210,NA,"Street Food","sf","Bangladesh","Dhaka","Dhaka 17",NA,1,NA,"Fuska with chotpoti"
"213","02_10_1500",2,"2017-05-18",10,"",1500,FALSE,10,210,55529.2033333333,"Street Food","sf","Bangladesh","Dhaka","Dhaka 17",NA,1,NA,"Fuska with chotpoti"
"214","02_10_1501",2,"2017-05-18",10,"",1501,FALSE,10,210,331060.83,"Street Food","sf","Bangladesh","Dhaka","Dhaka 17",NA,1,NA,"Fuska with chotpoti"
"215","02_10_1527",2,"2017-05-21",10,"",1527,FALSE,10,210,NA,"Street Food","sf","Bangladesh","Dhaka","Dhaka 17",NA,2,NA,"Puffed rice"
"216","02_10_1528",2,"2017-05-21",10,"",1528,FALSE,10,210,30852.45,"Street Food","sf","Bangladesh","Dhaka","Dhaka 17",NA,2,NA,"Puffed rice"
"217","02_10_1555",2,"2017-05-23",10,"",1555,FALSE,5,205,13213.456,"Street Food","sf","Bangladesh","Dhaka","Dhaka 17",NA,2,NA,"Puffed rice"
"218","02_10_1556",2,"2017-05-23",10,"",1556,FALSE,5,205,NA,"Street Food","sf","Bangladesh","Dhaka","Dhaka 17",NA,2,NA,"Puffed rice"
"219","02_10_1576",2,"2017-05-24",10,"",1576,FALSE,5,205,182.696,"Street Food","sf","Bangladesh","Dhaka","Dhaka 17",NA,2,NA,"Puffed rice"
"220","02_10_1577",2,"2017-05-24",10,"",1577,FALSE,5,205,2258.62,"Street Food","sf","Bangladesh","Dhaka","Dhaka 17",NA,1,NA,"Fuska with chotpoti"
"221","02_10_1578",2,"2017-05-24",10,"",1578,FALSE,5,205,555.4225,"Street Food","sf","Bangladesh","Dhaka","Dhaka 17",NA,1,NA,"Fuska with chotpoti"
"222","02_10_1602",2,"2017-05-25",10,"",1602,FALSE,5,205,1686.576,"Street Food","sf","Bangladesh","Dhaka","Dhaka 17",NA,2,NA,"Puffed rice"
"223","02_10_1603",2,"2017-05-25",10,"",1603,FALSE,5,205,30433.345,"Street Food","sf","Bangladesh","Dhaka","Dhaka 17",NA,2,NA,"Puffed rice"
"224","02_10_1604",2,"2017-05-25",10,"",1604,FALSE,5,205,16.77,"Street Food","sf","Bangladesh","Dhaka","Dhaka 17",NA,2,NA,"Puffed rice"
"225","02_10_1620",2,"2017-07-02",10,"",1620,FALSE,5,205,144.2,"Street Food","sf","Bangladesh","Dhaka","Dhaka 17",NA,1,NA,"Fuska with chotpoti"
"226","02_10_1621",2,"2017-07-02",10,"",1621,FALSE,5,205,19201.392,"Street Food","sf","Bangladesh","Dhaka","Dhaka 17",NA,2,NA,"Puffed rice"
"227","02_10_1683",2,"2017-06-01",10,"",1683,FALSE,2,202,216403.92,"Street Food","sf","Bangladesh","Dhaka","Dhaka 17",NA,1,NA,"Fuska with chotpoti"
"228","02_10_1684",2,"2017-07-02",10,"",1684,FALSE,2,202,72135.4293333333,"Street Food","sf","Bangladesh","Dhaka","Dhaka 17",NA,1,NA,"Fuska with chotpoti"
"229","02_10_1685",2,"2017-07-02",10,"",1685,FALSE,2,202,208.975,"Street Food","sf","Bangladesh","Dhaka","Dhaka 17",NA,2,NA,"Puffed rice"
"230","02_10_1686",2,"2017-07-02",10,"",1686,FALSE,2,202,1796.729,"Street Food","sf","Bangladesh","Dhaka","Dhaka 17",NA,1,NA,"Fuska with chotpoti"
"231","02_10_1687",2,"2017-07-02",10,"",1687,FALSE,2,202,2646.525,"Street Food","sf","Bangladesh","Dhaka","Dhaka 17",NA,1,NA,"Fuska with chotpoti"
"232","02_10_1714",2,"2017-07-03",10,"",1714,FALSE,2,202,16670.2925,"Street Food","sf","Bangladesh","Dhaka","Dhaka 17",NA,2,NA,"Puffed rice"
"233","02_10_1715",2,"2017-07-03",10,"",1715,FALSE,2,202,1669.0635,"Street Food","sf","Bangladesh","Dhaka","Dhaka 17",NA,2,NA,"Puffed rice"
"234","02_10_1716",2,"2017-07-03",10,"",1716,FALSE,2,202,64923.2906666667,"Street Food","sf","Bangladesh","Dhaka","Dhaka 17",NA,2,NA,"Puffed rice"
"235","02_10_1717",2,"2017-07-03",10,"",1717,FALSE,2,202,334733.207333333,"Street Food","sf","Bangladesh","Dhaka","Dhaka 17",NA,1,NA,"Fuska with chotpoti"
"236","02_10_1718",2,"2017-07-03",10,"",1718,FALSE,2,202,676908.31,"Street Food","sf","Bangladesh","Dhaka","Dhaka 17",NA,1,NA,"Fuska with chotpoti"
"237","02_10_1839",2,"2017-06-08",10,"",1839,FALSE,3,203,4778.6865,"Street Food","sf","Bangladesh","Dhaka","Dhaka 17",NA,1,NA,"Fuska with chotpoti"
"238","02_10_1840",2,"2017-06-10",10,"",1840,FALSE,3,203,NA,"Street Food","sf","Bangladesh","Dhaka","Dhaka 17",NA,1,NA,"Fuska with chotpoti"
"239","02_10_1841",2,"2017-06-10",10,"",1841,FALSE,3,203,234.602,"Street Food","sf","Bangladesh","Dhaka","Dhaka 17",NA,2,NA,"Puffed rice"
"240","02_10_1842",2,"2017-06-17",10,"",1842,FALSE,3,203,67795.056,"Street Food","sf","Bangladesh","Dhaka","Dhaka 17",NA,1,NA,"Fuska with chotpoti"
"241","02_10_1843",2,"2017-06-17",10,"",1843,FALSE,3,203,2775980.49,"Street Food","sf","Bangladesh","Dhaka","Dhaka 17",NA,2,NA,"Puffed rice"
"242","02_10_1844",2,"2017-06-17",10,"",1844,FALSE,3,203,1326083.815,"Street Food","sf","Bangladesh","Dhaka","Dhaka 17",NA,1,NA,"Fuska with chotpoti"
"243","02_10_1845",2,"2017-06-20",10,"",1845,FALSE,3,203,268.46,"Street Food","sf","Bangladesh","Dhaka","Dhaka 17",NA,1,NA,"Fuska with chotpoti"
"244","02_10_1846",2,"2017-06-20",10,"",1846,FALSE,3,203,102.94,"Street Food","sf","Bangladesh","Dhaka","Dhaka 17",NA,1,NA,"Fuska with chotpoti"
"245","02_10_1847",2,"2017-06-20",10,"",1847,FALSE,3,203,1776.8,"Street Food","sf","Bangladesh","Dhaka","Dhaka 17",NA,1,NA,"Fuska with chotpoti"
"246","02_10_1848",2,"2017-06-20",10,"",1848,FALSE,3,203,1220.85,"Street Food","sf","Bangladesh","Dhaka","Dhaka 17",NA,1,NA,"Fuska with chotpoti"
"247","02_10_1874",2,"2017-06-11",10,"",1874,FALSE,6,206,353414.260666667,"Street Food","sf","Bangladesh","Dhaka","Dhaka 17",NA,1,NA,"Fuska with chotpoti"
"248","02_10_1875",2,"2017-06-11",10,"",1875,FALSE,6,206,31721.3165,"Street Food","sf","Bangladesh","Dhaka","Dhaka 17",NA,1,NA,"Fuska with chotpoti"
"249","02_10_1885",2,"2017-06-11",10,"",1885,FALSE,6,206,3495.765,"Street Food","sf","Bangladesh","Dhaka","Dhaka 17",NA,2,NA,"Puffed rice"
"250","02_10_1886",2,"2017-06-14",10,"",1886,FALSE,6,206,1763.755,"Street Food","sf","Bangladesh","Dhaka","Dhaka 17",NA,1,NA,"Fuska with chotpoti"
"251","02_10_1887",2,"2017-06-14",10,"",1887,FALSE,6,206,3523.0445,"Street Food","sf","Bangladesh","Dhaka","Dhaka 17",NA,1,NA,"Fuska with chotpoti"
"252","02_10_1955",2,"2017-06-15",10,"",1955,FALSE,6,206,23805.4176666667,"Street Food","sf","Bangladesh","Dhaka","Dhaka 17",NA,1,NA,"Fuska with chotpoti"
"253","02_10_1956",2,"2017-06-15",10,"",1956,FALSE,6,206,750.5945,"Street Food","sf","Bangladesh","Dhaka","Dhaka 17",NA,1,NA,"Fuska with chotpoti"
"254","02_10_1957",2,"2017-06-15",10,"",1957,FALSE,6,206,NA,"Street Food","sf","Bangladesh","Dhaka","Dhaka 17",NA,1,NA,"Fuska with chotpoti"
"255","02_10_1977",2,"2017-07-02",10,"",1977,FALSE,6,206,417913.83,"Street Food","sf","Bangladesh","Dhaka","Dhaka 17",NA,2,NA,"Puffed rice"
"256","02_10_1978",2,"2017-07-02",10,"",1978,FALSE,6,206,331.656,"Street Food","sf","Bangladesh","Dhaka","Dhaka 17",NA,2,NA,"Puffed rice"
"257","02_02_1030",2,"2017-04-11",2,"",1030,FALSE,1,201,25,"Raw Produce","p","Bangladesh","Dhaka","Dhaka 17",8,NA,"tomato",NA
"258","02_02_1031",2,"2017-04-11",2,"",1031,FALSE,1,201,39470,"Raw Produce","p","Bangladesh","Dhaka","Dhaka 17",16,NA,"coriander",NA
"259","02_02_1032",2,"2017-04-11",2,"",1032,FALSE,1,201,25,"Raw Produce","p","Bangladesh","Dhaka","Dhaka 17",8,NA,"tomato",NA
"260","02_02_1033",2,"2017-04-11",2,"",1033,FALSE,1,201,NA,"Raw Produce","p","Bangladesh","Dhaka","Dhaka 17",2,NA,"cucumber",NA
"261","02_02_1034",2,"2017-04-11",2,"",1034,FALSE,1,201,615,"Raw Produce","p","Bangladesh","Dhaka","Dhaka 17",8,NA,"tomato",NA
"262","02_02_1066",2,"2017-04-12",2,"",1066,FALSE,1,201,327.5,"Raw Produce","p","Bangladesh","Dhaka","Dhaka 17",2,NA,"cucumber",NA
"263","02_02_1067",2,"2017-04-12",2,"",1067,FALSE,1,201,275,"Raw Produce","p","Bangladesh","Dhaka","Dhaka 17",8,NA,"tomato",NA
"264","02_02_1076",2,"2017-04-13",2,"",1076,FALSE,1,201,25,"Raw Produce","p","Bangladesh","Dhaka","Dhaka 17",2,NA,"cucumber",NA
"265","02_02_1077",2,"2017-04-13",2,"",1077,FALSE,1,201,27358.3333333333,"Raw Produce","p","Bangladesh","Dhaka","Dhaka 17",16,NA,"coriander",NA
"266","02_02_1078",2,"2017-04-13",2,"",1078,FALSE,1,201,25,"Raw Produce","p","Bangladesh","Dhaka","Dhaka 17",8,NA,"tomato",NA
"267","02_02_1097",2,"2017-04-17",2,"",1097,FALSE,7,207,480,"Raw Produce","p","Bangladesh","Dhaka","Dhaka 17",2,NA,"cucumber",NA
"268","02_02_1098",2,"2017-04-17",2,"",1098,FALSE,7,207,NA,"Raw Produce","p","Bangladesh","Dhaka","Dhaka 17",8,NA,"tomato",NA
"269","02_02_1099",2,"2017-04-17",2,"",1099,FALSE,7,207,46765,"Raw Produce","p","Bangladesh","Dhaka","Dhaka 17",16,NA,"coriander",NA
"270","02_02_1100",2,"2017-04-17",2,"",1100,FALSE,7,207,25,"Raw Produce","p","Bangladesh","Dhaka","Dhaka 17",8,NA,"tomato",NA
"271","02_02_1128",2,"2017-04-18",2,"",1128,FALSE,7,207,NA,"Raw Produce","p","Bangladesh","Dhaka","Dhaka 17",2,NA,"cucumber",NA
"272","02_02_1129",2,"2017-04-18",2,"",1129,FALSE,7,207,281550,"Raw Produce","p","Bangladesh","Dhaka","Dhaka 17",16,NA,"coriander",NA
"273","02_02_1152",2,"2017-04-19",2,"",1152,FALSE,7,207,21493.3333333333,"Raw Produce","p","Bangladesh","Dhaka","Dhaka 17",8,NA,"tomato",NA
"274","02_02_1153",2,"2017-04-19",2,"",1153,FALSE,7,207,993825,"Raw Produce","p","Bangladesh","Dhaka","Dhaka 17",16,NA,"coriander",NA
"275","02_02_1154",2,"2017-04-19",2,"",1154,FALSE,7,207,1022.5,"Raw Produce","p","Bangladesh","Dhaka","Dhaka 17",2,NA,"cucumber",NA
"276","02_02_1174",2,"2017-04-20",2,"",1174,FALSE,7,207,25,"Raw Produce","p","Bangladesh","Dhaka","Dhaka 17",8,NA,"tomato",NA
"277","02_02_1199",2,"2017-04-23",2,"",1199,FALSE,8,208,485,"Raw Produce","p","Bangladesh","Dhaka","Dhaka 17",8,NA,"tomato",NA
"278","02_02_1200",2,"2017-04-23",2,"",1200,FALSE,8,208,50,"Raw Produce","p","Bangladesh","Dhaka","Dhaka 17",2,NA,"cucumber",NA
"279","02_02_1212",2,"2017-04-24",2,"",1212,FALSE,8,208,25,"Raw Produce","p","Bangladesh","Dhaka","Dhaka 17",8,NA,"tomato",NA
"280","02_02_1213",2,"2017-04-24",2,"",1213,FALSE,8,208,475,"Raw Produce","p","Bangladesh","Dhaka","Dhaka 17",2,NA,"cucumber",NA
"281","02_02_1214",2,"2017-04-24",2,"",1214,FALSE,8,208,34490,"Raw Produce","p","Bangladesh","Dhaka","Dhaka 17",16,NA,"coriander",NA
"282","02_02_1232",2,"2017-04-25",2,"",1232,FALSE,8,208,NA,"Raw Produce","p","Bangladesh","Dhaka","Dhaka 17",16,NA,"coriander",NA
"283","02_02_1233",2,"2017-04-25",2,"",1233,FALSE,8,208,300,"Raw Produce","p","Bangladesh","Dhaka","Dhaka 17",2,NA,"cucumber",NA
"284","02_02_1251",2,"2017-04-26",2,"",1251,FALSE,8,208,485,"Raw Produce","p","Bangladesh","Dhaka","Dhaka 17",8,NA,"tomato",NA
"285","02_02_1252",2,"2017-04-26",2,"",1252,FALSE,8,208,22175,"Raw Produce","p","Bangladesh","Dhaka","Dhaka 17",16,NA,"coriander",NA
"286","02_02_1253",2,"2017-04-26",2,"",1253,FALSE,8,208,155,"Raw Produce","p","Bangladesh","Dhaka","Dhaka 17",2,NA,"cucumber",NA
"287","02_02_1292",2,"2017-05-02",2,"",1292,FALSE,9,209,NA,"Raw Produce","p","Bangladesh","Dhaka","Dhaka 17",2,NA,"cucumber",NA
"288","02_02_1293",2,"2017-05-02",2,"",1293,FALSE,9,209,88785,"Raw Produce","p","Bangladesh","Dhaka","Dhaka 17",16,NA,"coriander",NA
"289","02_02_1294",2,"2017-05-02",2,"",1294,FALSE,9,209,405,"Raw Produce","p","Bangladesh","Dhaka","Dhaka 17",8,NA,"tomato",NA
"290","02_02_1301",2,"2017-05-03",2,"",1301,FALSE,9,209,2150,"Raw Produce","p","Bangladesh","Dhaka","Dhaka 17",2,NA,"cucumber",NA
"291","02_02_1302",2,"2017-05-03",2,"",1302,FALSE,9,209,NA,"Raw Produce","p","Bangladesh","Dhaka","Dhaka 17",16,NA,"coriander",NA
"292","02_02_1325",2,"2017-05-04",2,"",1325,FALSE,9,209,260,"Raw Produce","p","Bangladesh","Dhaka","Dhaka 17",8,NA,"tomato",NA
"293","02_02_1326",2,"2017-05-04",2,"",1326,FALSE,9,209,25,"Raw Produce","p","Bangladesh","Dhaka","Dhaka 17",2,NA,"cucumber",NA
"294","02_02_1343",2,"2017-05-07",2,"",1343,FALSE,9,209,17488.3333333333,"Raw Produce","p","Bangladesh","Dhaka","Dhaka 17",16,NA,"coriander",NA
"295","02_02_1344",2,"2017-05-07",2,"",1344,FALSE,9,209,2130,"Raw Produce","p","Bangladesh","Dhaka","Dhaka 17",2,NA,"cucumber",NA
"296","02_02_1345",2,"2017-05-07",2,"",1345,FALSE,9,209,25,"Raw Produce","p","Bangladesh","Dhaka","Dhaka 17",8,NA,"tomato",NA
"297","02_02_1383",2,"2017-05-08",2,"",1383,FALSE,4,204,50,"Raw Produce","p","Bangladesh","Dhaka","Dhaka 17",8,NA,"tomato",NA
"298","02_02_1384",2,"2017-05-08",2,"",1384,FALSE,4,204,111748.333333333,"Raw Produce","p","Bangladesh","Dhaka","Dhaka 17",16,NA,"coriander",NA
"299","02_02_1385",2,"2017-05-08",2,"",1385,FALSE,4,204,352.5,"Raw Produce","p","Bangladesh","Dhaka","Dhaka 17",2,NA,"cucumber",NA
"300","02_02_1391",2,"2017-05-09",2,"",1391,FALSE,4,204,25,"Raw Produce","p","Bangladesh","Dhaka","Dhaka 17",8,NA,"tomato",NA
"301","02_02_1392",2,"2017-05-09",2,"",1392,FALSE,4,204,1140,"Raw Produce","p","Bangladesh","Dhaka","Dhaka 17",2,NA,"cucumber",NA
"302","02_02_1423",2,"2017-05-11",2,"",1423,FALSE,4,204,100,"Raw Produce","p","Bangladesh","Dhaka","Dhaka 17",2,NA,"cucumber",NA
"303","02_02_1424",2,"2017-05-11",2,"",1424,FALSE,4,204,NA,"Raw Produce","p","Bangladesh","Dhaka","Dhaka 17",16,NA,"coriander",NA
"304","02_02_1435",2,"2017-05-14",2,"",1435,FALSE,4,204,NA,"Raw Produce","p","Bangladesh","Dhaka","Dhaka 17",8,NA,"tomato",NA
"305","02_02_1436",2,"2017-05-14",2,"",1436,FALSE,4,204,25,"Raw Produce","p","Bangladesh","Dhaka","Dhaka 17",2,NA,"cucumber",NA
"306","02_02_1437",2,"2017-05-14",2,"",1437,FALSE,4,204,32120,"Raw Produce","p","Bangladesh","Dhaka","Dhaka 17",16,NA,"coriander",NA
"307","02_02_1456",2,"2017-05-16",2,"",1456,FALSE,10,210,50,"Raw Produce","p","Bangladesh","Dhaka","Dhaka 17",8,NA,"tomato",NA
"308","02_02_1457",2,"2017-05-16",2,"",1457,FALSE,10,210,205260,"Raw Produce","p","Bangladesh","Dhaka","Dhaka 17",16,NA,"coriander",NA
"309","02_02_1458",2,"2017-05-16",2,"",1458,FALSE,10,210,2117.5,"Raw Produce","p","Bangladesh","Dhaka","Dhaka 17",2,NA,"cucumber",NA
"310","02_02_1489",2,"2017-05-17",2,"",1489,FALSE,10,210,25,"Raw Produce","p","Bangladesh","Dhaka","Dhaka 17",8,NA,"tomato",NA
"311","02_02_1490",2,"2017-05-17",2,"",1490,FALSE,10,210,19373.3333333333,"Raw Produce","p","Bangladesh","Dhaka","Dhaka 17",2,NA,"cucumber",NA
"312","02_02_1521",2,"2017-05-18",2,"",1521,FALSE,10,210,50,"Raw Produce","p","Bangladesh","Dhaka","Dhaka 17",8,NA,"tomato",NA
"313","02_02_1522",2,"2017-05-18",2,"",1522,FALSE,10,210,835075,"Raw Produce","p","Bangladesh","Dhaka","Dhaka 17",16,NA,"coriander",NA
"314","02_02_1538",2,"2017-05-21",2,"",1538,FALSE,10,210,205,"Raw Produce","p","Bangladesh","Dhaka","Dhaka 17",8,NA,"tomato",NA
"315","02_02_1539",2,"2017-05-21",2,"",1539,FALSE,10,210,108393.333333333,"Raw Produce","p","Bangladesh","Dhaka","Dhaka 17",16,NA,"coriander",NA
"316","02_02_1540",2,"2017-05-21",2,"",1540,FALSE,10,210,437.5,"Raw Produce","p","Bangladesh","Dhaka","Dhaka 17",2,NA,"cucumber",NA
"317","02_02_1557",2,"2017-05-23",2,"",1557,FALSE,5,205,77598.3333333333,"Raw Produce","p","Bangladesh","Dhaka","Dhaka 17",16,NA,"coriander",NA
"318","02_02_1558",2,"2017-05-23",2,"",1558,FALSE,5,205,25,"Raw Produce","p","Bangladesh","Dhaka","Dhaka 17",2,NA,"cucumber",NA
"319","02_02_1559",2,"2017-05-23",2,"",1559,FALSE,5,205,375,"Raw Produce","p","Bangladesh","Dhaka","Dhaka 17",8,NA,"tomato",NA
"320","02_02_1573",2,"2017-05-24",2,"",1573,FALSE,5,205,2695,"Raw Produce","p","Bangladesh","Dhaka","Dhaka 17",2,NA,"cucumber",NA
"321","02_02_1574",2,"2017-05-24",2,"",1574,FALSE,5,205,67870,"Raw Produce","p","Bangladesh","Dhaka","Dhaka 17",16,NA,"coriander",NA
"322","02_02_1595",2,"2017-05-25",2,"",1595,FALSE,5,205,1740,"Raw Produce","p","Bangladesh","Dhaka","Dhaka 17",2,NA,"cucumber",NA
"323","02_02_1596",2,"2017-05-25",2,"",1596,FALSE,5,205,25,"Raw Produce","p","Bangladesh","Dhaka","Dhaka 17",8,NA,"tomato",NA
"324","02_02_1628",2,"2017-05-28",2,"",1628,FALSE,5,205,25,"Raw Produce","p","Bangladesh","Dhaka","Dhaka 17",8,NA,"tomato",NA
"325","02_02_1629",2,"2017-05-28",2,"",1629,FALSE,5,205,25691.6666666667,"Raw Produce","p","Bangladesh","Dhaka","Dhaka 17",2,NA,"cucumber",NA
"326","02_02_1630",2,"2017-05-28",2,"",1630,FALSE,5,205,53821.6666666667,"Raw Produce","p","Bangladesh","Dhaka","Dhaka 17",16,NA,"coriander",NA
"327","02_02_1639",2,"2017-05-30",2,"",1639,FALSE,2,202,155,"Raw Produce","p","Bangladesh","Dhaka","Dhaka 17",2,NA,"cucumber",NA
"328","02_02_1640",2,"2017-05-30",2,"",1640,FALSE,2,202,16810,"Raw Produce","p","Bangladesh","Dhaka","Dhaka 17",16,NA,"coriander",NA
"329","02_02_1641",2,"2017-05-30",2,"",1641,FALSE,2,202,370,"Raw Produce","p","Bangladesh","Dhaka","Dhaka 17",8,NA,"tomato",NA
"330","02_02_1681",2,"2017-05-31",2,"",1681,FALSE,2,202,25,"Raw Produce","p","Bangladesh","Dhaka","Dhaka 17",8,NA,"tomato",NA
"331","02_02_1682",2,"2017-05-31",2,"",1682,FALSE,2,202,NA,"Raw Produce","p","Bangladesh","Dhaka","Dhaka 17",2,NA,"cucumber",NA
"332","02_02_1688",2,"2017-06-01",2,"",1688,FALSE,2,202,3087.5,"Raw Produce","p","Bangladesh","Dhaka","Dhaka 17",2,NA,"cucumber",NA
"333","02_02_1689",2,"2017-06-01",2,"",1689,FALSE,2,202,904575,"Raw Produce","p","Bangladesh","Dhaka","Dhaka 17",16,NA,"coriander",NA
"334","02_02_1719",2,"2017-06-04",2,"",1719,FALSE,2,202,NA,"Raw Produce","p","Bangladesh","Dhaka","Dhaka 17",2,NA,"cucumber",NA
"335","02_02_1720",2,"2017-06-04",2,"",1720,FALSE,2,202,14831.6666666667,"Raw Produce","p","Bangladesh","Dhaka","Dhaka 17",16,NA,"coriander",NA
"336","02_02_1730",2,"2017-06-04",2,"",1730,FALSE,2,202,2930,"Raw Produce","p","Bangladesh","Dhaka","Dhaka 17",8,NA,"tomato",NA
"337","02_02_1754",2,"2017-06-06",2,"",1754,FALSE,3,203,1022.5,"Raw Produce","p","Bangladesh","Dhaka","Dhaka 17",16,NA,"coriander",NA
"338","02_02_1755",2,"2017-06-06",2,"",1755,FALSE,3,203,25,"Raw Produce","p","Bangladesh","Dhaka","Dhaka 17",8,NA,"tomato",NA
"339","02_02_1756",2,"2017-06-06",2,"",1756,FALSE,3,203,40080,"Raw Produce","p","Bangladesh","Dhaka","Dhaka 17",2,NA,"cucumber",NA
"340","02_02_1803",2,"2017-06-07",2,"",1803,FALSE,3,203,NA,"Raw Produce","p","Bangladesh","Dhaka","Dhaka 17",8,NA,"tomato",NA
"341","02_02_1804",2,"2017-06-07",2,"",1804,FALSE,3,203,398350,"Raw Produce","p","Bangladesh","Dhaka","Dhaka 17",16,NA,"coriander",NA
"342","02_02_1837",2,"2017-06-08",2,"",1837,FALSE,3,203,56996.6666666667,"Raw Produce","p","Bangladesh","Dhaka","Dhaka 17",16,NA,"coriander",NA
"343","02_02_1838",2,"2017-06-08",2,"",1838,FALSE,3,203,657.5,"Raw Produce","p","Bangladesh","Dhaka","Dhaka 17",2,NA,"cucumber",NA
"344","02_02_1858",2,"2017-06-10",2,"",1858,FALSE,3,203,25,"Raw Produce","p","Bangladesh","Dhaka","Dhaka 17",2,NA,"cucumber",NA
"345","02_02_1859",2,"2017-06-10",2,"",1859,FALSE,3,203,66288.3333333333,"Raw Produce","p","Bangladesh","Dhaka","Dhaka 17",16,NA,"coriander",NA
"346","02_02_1860",2,"2017-06-10",2,"",1860,FALSE,3,203,25,"Raw Produce","p","Bangladesh","Dhaka","Dhaka 17",8,NA,"tomato",NA
"347","02_02_1866",2,"2017-06-11",2,"",1866,FALSE,6,206,682.5,"Raw Produce","p","Bangladesh","Dhaka","Dhaka 17",2,NA,"cucumber",NA
"348","02_02_1867",2,"2017-06-11",2,"",1867,FALSE,6,206,1141000,"Raw Produce","p","Bangladesh","Dhaka","Dhaka 17",16,NA,"coriander",NA
"349","02_02_1868",2,"2017-06-11",2,"",1868,FALSE,6,206,25,"Raw Produce","p","Bangladesh","Dhaka","Dhaka 17",8,NA,"tomato",NA
"350","02_02_1900",2,"2017-06-14",2,"",1900,FALSE,6,206,25,"Raw Produce","p","Bangladesh","Dhaka","Dhaka 17",8,NA,"tomato",NA
"351","02_02_1901",2,"2017-06-14",2,"",1901,FALSE,6,206,897.5,"Raw Produce","p","Bangladesh","Dhaka","Dhaka 17",16,NA,"coriander",NA
"352","02_02_1972",2,"2017-06-18",2,"",1972,FALSE,6,206,7220,"Raw Produce","p","Bangladesh","Dhaka","Dhaka 17",8,NA,"tomato",NA
"353","02_02_1973",2,"2017-06-18",2,"",1973,FALSE,6,206,103910,"Raw Produce","p","Bangladesh","Dhaka","Dhaka 17",2,NA,"cucumber",NA
"354","02_02_1974",2,"2017-06-18",2,"",1974,FALSE,6,206,NA,"Raw Produce","p","Bangladesh","Dhaka","Dhaka 17",16,NA,"coriander",NA
"355","02_02_1975",2,"2017-06-18",2,"",1975,FALSE,6,206,11048.3333333333,"Raw Produce","p","Bangladesh","Dhaka","Dhaka 17",2,NA,"cucumber",NA
"356","02_02_1976",2,"2017-06-18",2,"",1976,FALSE,6,206,NA,"Raw Produce","p","Bangladesh","Dhaka","Dhaka 17",16,NA,"coriander",NA
"357","04_10_1016",4,"2018-03-20",10,"",1016,FALSE,1,401,83.384,"Street Food","sf","Zambia","Lusaka","Lusaka 18",NA,6,NA,"Scones"
"358","04_10_1020",4,"2018-03-20",10,"",1020,FALSE,1,401,51.8065,"Street Food","sf","Zambia","Lusaka","Lusaka 18",NA,5,NA,"Fritters"
"359","04_10_1024",4,"2018-03-20",10,"",1024,FALSE,1,401,83.384,"Street Food","sf","Zambia","Lusaka","Lusaka 18",NA,5,NA,"Fritters"
"360","04_10_1034",4,"2018-03-21",10,"",1034,FALSE,1,401,94.54,"Street Food","sf","Zambia","Lusaka","Lusaka 18",NA,5,NA,"Fritters"
"361","04_10_1045",4,"2018-03-21",10,"",1045,FALSE,1,401,96.7235,"Street Food","sf","Zambia","Lusaka","Lusaka 18",NA,5,NA,"Fritters"
"362","04_10_1053",4,"2018-03-22",10,"",1053,FALSE,1,401,21.91,"Street Food","sf","Zambia","Lusaka","Lusaka 18",NA,5,NA,"Fritters"
"363","04_10_1061",4,"2018-03-22",10,"",1061,FALSE,1,401,50.2,"Street Food","sf","Zambia","Lusaka","Lusaka 18",NA,5,NA,"Fritters"
"364","04_10_1071",4,"2018-03-23",10,"",1071,FALSE,1,401,57.63,"Street Food","sf","Zambia","Lusaka","Lusaka 18",NA,5,NA,"Fritters"
"365","04_10_1082",4,"2018-03-23",10,"",1082,FALSE,1,401,60.75,"Street Food","sf","Zambia","Lusaka","Lusaka 18",NA,5,NA,"Fritters"
"366","04_10_1091",4,"2018-03-24",10,"",1091,FALSE,1,401,54.0415,"Street Food","sf","Zambia","Lusaka","Lusaka 18",NA,5,NA,"Fritters"
"367","04_10_1103",4,"2018-03-24",10,"",1103,FALSE,1,401,24.0105,"Street Food","sf","Zambia","Lusaka","Lusaka 18",NA,5,NA,"Fritters"
"368","04_10_1131",4,"2018-03-25",10,"",1131,FALSE,1,401,20.02,"Street Food","sf","Zambia","Lusaka","Lusaka 18",NA,4,NA,"Roasted Maize"
"369","04_10_1134",4,"2018-03-26",10,"",1134,FALSE,1,401,5.1955,"Street Food","sf","Zambia","Lusaka","Lusaka 18",NA,5,NA,"Fritters"
"370","04_10_1139",4,"2018-03-26",10,"",1139,FALSE,1,401,5,"Street Food","sf","Zambia","Lusaka","Lusaka 18",NA,5,NA,"Fritters"
"371","04_10_1146",4,"2018-03-26",10,"",1146,FALSE,1,401,5.03,"Street Food","sf","Zambia","Lusaka","Lusaka 18",NA,5,NA,"Fritters"
"372","04_10_1152",4,"2018-03-27",10,"",1152,FALSE,1,401,5,"Street Food","sf","Zambia","Lusaka","Lusaka 18",NA,5,NA,"Fritters"
"373","04_10_1159",4,"2018-03-27",10,"",1159,FALSE,1,401,5.04,"Street Food","sf","Zambia","Lusaka","Lusaka 18",NA,5,NA,"Fritters"
"374","04_10_1164",4,"2018-03-27",10,"",1164,FALSE,1,401,5,"Street Food","sf","Zambia","Lusaka","Lusaka 18",NA,5,NA,"Fritters"
"375","04_10_1169",4,"2018-03-28",10,"",1169,FALSE,1,401,5,"Street Food","sf","Zambia","Lusaka","Lusaka 18",NA,5,NA,"Fritters"
"376","04_10_1174",4,"2018-03-28",10,"",1174,FALSE,1,401,NA,"Street Food","sf","Zambia","Lusaka","Lusaka 18",NA,5,NA,"Fritters"
"377","04_02_1017",4,"2018-03-20",2,"",1017,FALSE,1,401,25,"Raw Produce","p","Zambia","Lusaka","Lusaka 18",11,NA,"apple",NA
"378","04_02_1021",4,"2018-03-21",2,"",1021,FALSE,1,401,150,"Raw Produce","p","Zambia","Lusaka","Lusaka 18",2,NA,"cucumber",NA
"379","04_02_1025",4,"2018-03-20",2,"",1025,FALSE,1,401,25,"Raw Produce","p","Zambia","Lusaka","Lusaka 18",11,NA,"apple",NA
"380","04_02_1035",4,"2018-03-21",2,"",1035,FALSE,1,401,25,"Raw Produce","p","Zambia","Lusaka","Lusaka 18",11,NA,"apple",NA
"381","04_02_1046",4,"2018-03-21",2,"",1046,FALSE,1,401,725,"Raw Produce","p","Zambia","Lusaka","Lusaka 18",2,NA,"cucumber",NA
"382","04_02_1054",4,"2018-03-22",2,"",1054,FALSE,1,401,260,"Raw Produce","p","Zambia","Lusaka","Lusaka 18",11,NA,"apple",NA
"383","04_02_1062",4,"2018-03-22",2,"",1062,FALSE,1,401,25,"Raw Produce","p","Zambia","Lusaka","Lusaka 18",11,NA,"apple",NA
"384","04_02_1072",4,"2018-03-23",2,"",1072,FALSE,1,401,25,"Raw Produce","p","Zambia","Lusaka","Lusaka 18",2,NA,"cucumber",NA
"385","04_02_1083",4,"2018-03-23",2,"",1083,FALSE,1,401,375,"Raw Produce","p","Zambia","Lusaka","Lusaka 18",15,NA,"guava",NA
"386","04_02_1092",4,"2018-03-24",2,"",1092,FALSE,1,401,1065,"Raw Produce","p","Zambia","Lusaka","Lusaka 18",2,NA,"cucumber",NA
"387","04_02_1104",4,"2018-03-24",2,"",1104,FALSE,1,401,NA,"Raw Produce","p","Zambia","Lusaka","Lusaka 18",15,NA,"guava",NA
"388","04_02_1135",4,"2018-03-26",2,"",1135,FALSE,1,401,314350,"Raw Produce","p","Zambia","Lusaka","Lusaka 18",15,NA,"guava",NA
"389","04_02_1140",4,"2018-03-26",2,"",1140,FALSE,1,401,25,"Raw Produce","p","Zambia","Lusaka","Lusaka 18",2,NA,"cucumber",NA
"390","04_02_1147",4,"2018-03-26",2,"",1147,FALSE,1,401,540,"Raw Produce","p","Zambia","Lusaka","Lusaka 18",2,NA,"cucumber",NA
"391","04_02_1153",4,"2018-03-27",2,"",1153,FALSE,1,401,16888.3333333333,"Raw Produce","p","Zambia","Lusaka","Lusaka 18",2,NA,"cucumber",NA
"392","04_02_1160",4,"2018-03-27",2,"",1160,FALSE,1,401,25,"Raw Produce","p","Zambia","Lusaka","Lusaka 18",15,NA,"guava",NA
"393","04_02_1165",4,"2018-03-27",2,"",1165,FALSE,1,401,25,"Raw Produce","p","Zambia","Lusaka","Lusaka 18",2,NA,"cucumber",NA
"394","04_02_1170",4,"2018-03-28",2,"",1170,FALSE,1,401,315,"Raw Produce","p","Zambia","Lusaka","Lusaka 18",2,NA,"cucumber",NA
"395","04_02_1175",4,"2018-03-28",2,"",1175,FALSE,1,401,50,"Raw Produce","p","Zambia","Lusaka","Lusaka 18",2,NA,"cucumber",NA
"396","04_02_1181",4,"2018-03-28",2,"",1181,FALSE,1,401,300,"Raw Produce","p","Zambia","Lusaka","Lusaka 18",2,NA,"cucumber",NA
"397","06_10_5001",6,"2018-10-03",10,"",5001,TRUE,1,601,193.62,"Street Food","sf","Ghana","Accra","Accra 18",NA,8,NA,"Kenkey"
"398","06_10_5002",6,"2018-10-03",10,"",5002,TRUE,1,601,55307.1,"Street Food","sf","Ghana","Accra","Accra 18",NA,7,NA,"Waakye"
"399","06_10_5003",6,"2018-10-03",10,"",5003,TRUE,1,601,193.62,"Street Food","sf","Ghana","Accra","Accra 18",NA,8,NA,"Kenkey"
"400","06_10_5004",6,"2018-10-03",10,"",5004,TRUE,1,601,100,"Street Food","sf","Ghana","Accra","Accra 18",NA,9,NA,"Beans"
"401","06_10_5005",6,"2018-10-03",10,"",5005,TRUE,1,601,374661,"Street Food","sf","Ghana","Accra","Accra 18",NA,7,NA,"Waakye"
"402","06_10_5006",6,"2018-10-04",10,"",5006,TRUE,1,601,100,"Street Food","sf","Ghana","Accra","Accra 18",NA,9,NA,"Beans"
"403","06_10_5007",6,"2018-10-04",10,"",5007,TRUE,1,601,356820,"Street Food","sf","Ghana","Accra","Accra 18",NA,7,NA,"Waakye"
"404","06_10_5008",6,"2018-10-04",10,"",5008,TRUE,1,601,1400,"Street Food","sf","Ghana","Accra","Accra 18",NA,9,NA,"Beans"
"405","06_10_5009",6,"2018-10-04",10,"",5009,TRUE,1,601,3568200,"Street Food","sf","Ghana","Accra","Accra 18",NA,7,NA,"Waakye"
"406","06_10_5010",6,"2018-10-04",10,"",5010,TRUE,1,601,193.62,"Street Food","sf","Ghana","Accra","Accra 18",NA,8,NA,"Kenkey"
"407","06_10_5101",6,"2018-10-10",10,"",5101,TRUE,2,602,193.62,"Street Food","sf","Ghana","Accra","Accra 18",NA,8,NA,"Kenkey"
"408","06_10_5102",6,"2018-10-10",10,"",5102,TRUE,2,602,193.62,"Street Food","sf","Ghana","Accra","Accra 18",NA,8,NA,"Kenkey"
"409","06_10_5103",6,"2018-10-10",10,"",5103,TRUE,2,602,2000,"Street Food","sf","Ghana","Accra","Accra 18",NA,9,NA,"Beans"
"410","06_10_5104",6,"2018-10-10",10,"",5104,TRUE,2,602,89.205,"Street Food","sf","Ghana","Accra","Accra 18",NA,7,NA,"Waakye"
"411","06_10_5105",6,"2018-10-10",10,"",5105,TRUE,2,602,89.205,"Street Food","sf","Ghana","Accra","Accra 18",NA,7,NA,"Waakye"
"412","06_10_5106",6,"2018-10-11",10,"",5106,TRUE,2,602,193.62,"Street Food","sf","Ghana","Accra","Accra 18",NA,8,NA,"Kenkey"
"413","06_10_5107",6,"2018-10-11",10,"",5107,TRUE,2,602,100,"Street Food","sf","Ghana","Accra","Accra 18",NA,9,NA,"Beans"
"414","06_10_5108",6,"2018-10-11",10,"",5108,TRUE,2,602,89.205,"Street Food","sf","Ghana","Accra","Accra 18",NA,7,NA,"Waakye"
"415","06_10_5109",6,"2018-10-11",10,"",5109,TRUE,2,602,100,"Street Food","sf","Ghana","Accra","Accra 18",NA,9,NA,"Beans"
"416","06_10_5110",6,"2018-10-11",10,"",5110,TRUE,2,602,2319330,"Street Food","sf","Ghana","Accra","Accra 18",NA,7,NA,"Waakye"
"417","06_02_2001",6,"2018-10-01",2,"",2001,TRUE,1,601,1050,"Raw Produce","p","Ghana","Accra","Accra 18",8,NA,"tomato",NA
"418","06_02_2002",6,"2018-10-01",2,"",2002,TRUE,1,601,250,"Raw Produce","p","Ghana","Accra","Accra 18",13,NA,"pepper",NA
"419","06_02_2003",6,"2018-10-01",2,"",2003,TRUE,1,601,800,"Raw Produce","p","Ghana","Accra","Accra 18",4,NA,"lettuce",NA
"420","06_02_2004",6,"2018-10-01",2,"",2004,TRUE,1,601,355000,"Raw Produce","p","Ghana","Accra","Accra 18",4,NA,"lettuce",NA
"421","06_02_2005",6,"2018-10-01",2,"",2005,TRUE,1,601,300,"Raw Produce","p","Ghana","Accra","Accra 18",4,NA,"lettuce",NA
"422","06_02_2006",6,"2018-10-02",2,"",2006,TRUE,1,601,1e+06,"Raw Produce","p","Ghana","Accra","Accra 18",8,NA,"tomato",NA
"423","06_02_2007",6,"2018-10-02",2,"",2007,TRUE,1,601,225000,"Raw Produce","p","Ghana","Accra","Accra 18",8,NA,"tomato",NA
"424","06_02_2008",6,"2018-10-02",2,"",2008,TRUE,1,601,750000,"Raw Produce","p","Ghana","Accra","Accra 18",8,NA,"tomato",NA
"425","06_02_2009",6,"2018-10-02",2,"",2009,TRUE,1,601,1e+06,"Raw Produce","p","Ghana","Accra","Accra 18",13,NA,"pepper",NA
"426","06_02_2010",6,"2018-10-02",2,"",2010,TRUE,1,601,1e+06,"Raw Produce","p","Ghana","Accra","Accra 18",13,NA,"pepper",NA
"427","06_02_2101",6,"2018-10-08",2,"",2101,TRUE,2,602,13000,"Raw Produce","p","Ghana","Accra","Accra 18",13,NA,"pepper",NA
"428","06_02_2102",6,"2018-10-09",2,"",2102,TRUE,2,602,675,"Raw Produce","p","Ghana","Accra","Accra 18",8,NA,"tomato",NA
"429","06_02_2103",6,"2018-10-08",2,"",2103,TRUE,2,602,4650,"Raw Produce","p","Ghana","Accra","Accra 18",8,NA,"tomato",NA
"430","06_02_2104",6,"2018-10-08",2,"",2104,TRUE,2,602,130000,"Raw Produce","p","Ghana","Accra","Accra 18",4,NA,"lettuce",NA
"431","06_02_2105",6,"2018-10-08",2,"",2105,TRUE,2,602,375,"Raw Produce","p","Ghana","Accra","Accra 18",8,NA,"tomato",NA
"432","06_02_2106",6,"2018-10-09",2,"",2106,TRUE,2,602,485000,"Raw Produce","p","Ghana","Accra","Accra 18",13,NA,"pepper",NA
"433","06_02_2107",6,"2018-10-09",2,"",2107,TRUE,2,602,25,"Raw Produce","p","Ghana","Accra","Accra 18",8,NA,"tomato",NA
"434","06_02_2108",6,"2018-10-09",2,"",2108,TRUE,2,602,950,"Raw Produce","p","Ghana","Accra","Accra 18",13,NA,"pepper",NA
"435","06_02_2109",6,"2018-10-09",2,"",2109,TRUE,2,602,10500,"Raw Produce","p","Ghana","Accra","Accra 18",13,NA,"pepper",NA
"436","06_02_2110",6,"2018-10-09",2,"",2110,TRUE,2,602,25,"Raw Produce","p","Ghana","Accra","Accra 18",8,NA,"tomato",NA
"437","07_10_9001",7,"2018-10-12",10,"",9001,TRUE,1,701,219.695,"Street Food","sf","Ghana","Kumasi","Kumasi 18",NA,8,NA,"Kenkey"
"438","07_10_9002",7,"2018-10-12",10,"",9002,TRUE,1,701,NA,"Street Food","sf","Ghana","Kumasi","Kumasi 18",NA,8,NA,"Kenkey"
"439","07_10_9003",7,"2018-10-12",10,"",9003,TRUE,1,701,1402.765,"Street Food","sf","Ghana","Kumasi","Kumasi 18",NA,7,NA,"Waakye"
"440","07_10_9004",7,"2018-10-12",10,"",9004,TRUE,1,701,154.47,"Street Food","sf","Ghana","Kumasi","Kumasi 18",NA,7,NA,"Waakye"
"441","07_10_9005",7,"2018-10-12",10,"",9005,TRUE,1,701,1438.65,"Street Food","sf","Ghana","Kumasi","Kumasi 18",NA,10,NA,"Fried yam"
"442","07_10_9006",7,"2018-10-15",10,"",9006,TRUE,1,701,236.92,"Street Food","sf","Ghana","Kumasi","Kumasi 18",NA,8,NA,"Kenkey"
"443","07_10_9007",7,"2018-10-15",10,"",9007,TRUE,1,701,20.975,"Street Food","sf","Ghana","Kumasi","Kumasi 18",NA,7,NA,"Waakye"
"444","07_10_9008",7,"2018-10-15",10,"",9008,TRUE,1,701,242.5,"Street Food","sf","Ghana","Kumasi","Kumasi 18",NA,7,NA,"Waakye"
"445","07_10_9009",7,"2018-10-15",10,"",9009,TRUE,1,701,56.25,"Street Food","sf","Ghana","Kumasi","Kumasi 18",NA,10,NA,"Fried yam"
"446","07_10_9010",7,"2018-10-15",10,"",9010,TRUE,1,701,38.52,"Street Food","sf","Ghana","Kumasi","Kumasi 18",NA,10,NA,"Fried yam"
"447","07_10_9101",7,"2018-10-22",10,"",9101,TRUE,2,702,106.99,"Street Food","sf","Ghana","Kumasi","Kumasi 18",NA,7,NA,"Waakye"
"448","07_10_9102",7,"2018-10-22",10,"",9102,TRUE,2,702,148.07,"Street Food","sf","Ghana","Kumasi","Kumasi 18",NA,8,NA,"Kenkey"
"449","07_10_9103",7,"2018-10-22",10,"",9103,TRUE,2,702,104.395,"Street Food","sf","Ghana","Kumasi","Kumasi 18",NA,10,NA,"Fried yam"
"450","07_10_9104",7,"2018-10-22",10,"",9104,TRUE,2,702,178.385,"Street Food","sf","Ghana","Kumasi","Kumasi 18",NA,8,NA,"Kenkey"
"451","07_10_9105",7,"2018-10-22",10,"",9105,TRUE,2,702,68.42,"Street Food","sf","Ghana","Kumasi","Kumasi 18",NA,7,NA,"Waakye"
"452","07_10_9106",7,"2018-10-23",10,"",9106,TRUE,2,702,89.92,"Street Food","sf","Ghana","Kumasi","Kumasi 18",NA,7,NA,"Waakye"
"453","07_10_9107",7,"2018-10-23",10,"",9107,TRUE,2,702,201.265,"Street Food","sf","Ghana","Kumasi","Kumasi 18",NA,8,NA,"Kenkey"
"454","07_10_9108",7,"2018-10-23",10,"",9108,TRUE,2,702,81.17,"Street Food","sf","Ghana","Kumasi","Kumasi 18",NA,7,NA,"Waakye"
"455","07_10_9109",7,"2018-10-23",10,"",9109,TRUE,2,702,87.43,"Street Food","sf","Ghana","Kumasi","Kumasi 18",NA,10,NA,"Fried yam"
"456","07_10_9110",7,"2018-10-23",10,"",9110,TRUE,2,702,73.435,"Street Food","sf","Ghana","Kumasi","Kumasi 18",NA,10,NA,"Fried yam"
"457","07_10_9201",7,"2018-10-29",10,"",9201,TRUE,4,704,93.18,"Street Food","sf","Ghana","Kumasi","Kumasi 18",NA,7,NA,"Waakye"
"458","07_10_9202",7,"2018-10-29",10,"",9202,TRUE,4,704,132.17,"Street Food","sf","Ghana","Kumasi","Kumasi 18",NA,8,NA,"Kenkey"
"459","07_10_9203",7,"2018-10-29",10,"",9203,TRUE,4,704,94.745,"Street Food","sf","Ghana","Kumasi","Kumasi 18",NA,7,NA,"Waakye"
"460","07_10_9204",7,"2018-10-29",10,"",9204,TRUE,4,704,147.52,"Street Food","sf","Ghana","Kumasi","Kumasi 18",NA,8,NA,"Kenkey"
"461","07_10_9205",7,"2018-10-29",10,"",9205,TRUE,4,704,934.505,"Street Food","sf","Ghana","Kumasi","Kumasi 18",NA,10,NA,"Fried yam"
"462","07_10_9206",7,"2018-10-30",10,"",9206,TRUE,4,704,67.575,"Street Food","sf","Ghana","Kumasi","Kumasi 18",NA,7,NA,"Waakye"
"463","07_10_9207",7,"2018-10-30",10,"",9207,TRUE,4,704,67.57,"Street Food","sf","Ghana","Kumasi","Kumasi 18",NA,10,NA,"Fried yam"
"464","07_10_9208",7,"2018-10-30",10,"",9208,TRUE,4,704,192.35,"Street Food","sf","Ghana","Kumasi","Kumasi 18",NA,8,NA,"Kenkey"
"465","07_10_9209",7,"2018-10-30",10,"",9209,TRUE,4,704,94.39,"Street Food","sf","Ghana","Kumasi","Kumasi 18",NA,10,NA,"Fried yam"
"466","07_10_9210",7,"2018-11-05",10,"",9210,TRUE,4,704,140.275,"Street Food","sf","Ghana","Kumasi","Kumasi 18",NA,8,NA,"Kenkey"
"467","07_10_9301",7,"2018-10-31",10,"",9301,TRUE,3,703,84.03,"Street Food","sf","Ghana","Kumasi","Kumasi 18",NA,7,NA,"Waakye"
"468","07_10_9302",7,"2018-10-31",10,"",9302,TRUE,3,703,21809.2,"Street Food","sf","Ghana","Kumasi","Kumasi 18",NA,7,NA,"Waakye"
"469","07_10_9303",7,"2018-10-31",10,"",9303,TRUE,3,703,247.205,"Street Food","sf","Ghana","Kumasi","Kumasi 18",NA,8,NA,"Kenkey"
"470","07_10_9304",7,"2018-10-31",10,"",9304,TRUE,3,703,186.24,"Street Food","sf","Ghana","Kumasi","Kumasi 18",NA,8,NA,"Kenkey"
"471","07_10_9305",7,"2018-10-31",10,"",9305,TRUE,3,703,62.275,"Street Food","sf","Ghana","Kumasi","Kumasi 18",NA,10,NA,"Fried yam"
"472","07_10_9306",7,"2018-11-01",10,"",9306,TRUE,3,703,81.265,"Street Food","sf","Ghana","Kumasi","Kumasi 18",NA,7,NA,"Waakye"
"473","07_10_9307",7,"2018-11-01",10,"",9307,TRUE,3,703,19774.72,"Street Food","sf","Ghana","Kumasi","Kumasi 18",NA,7,NA,"Waakye"
"474","07_10_9308",7,"2018-11-01",10,"",9308,TRUE,3,703,186.555,"Street Food","sf","Ghana","Kumasi","Kumasi 18",NA,8,NA,"Kenkey"
"475","07_10_9309",7,"2018-11-01",10,"",9309,TRUE,3,703,239.745,"Street Food","sf","Ghana","Kumasi","Kumasi 18",NA,8,NA,"Kenkey"
"476","07_10_9310",7,"2018-11-01",10,"",9310,TRUE,3,703,2404.35,"Street Food","sf","Ghana","Kumasi","Kumasi 18",NA,10,NA,"Fried yam"
"477","07_02_5001",7,"2018-10-11",2,"",5001,TRUE,1,701,25,"Raw Produce","p","Ghana","Kumasi","Kumasi 18",13,NA,"pepper",NA
"478","07_02_5002",7,"2018-10-11",2,"",5002,TRUE,1,701,5000,"Raw Produce","p","Ghana","Kumasi","Kumasi 18",4,NA,"lettuce",NA
"479","07_02_5003",7,"2018-10-11",2,"",5003,TRUE,1,701,325,"Raw Produce","p","Ghana","Kumasi","Kumasi 18",8,NA,"tomato",NA
"480","07_02_5004",7,"2018-10-11",2,"",5004,TRUE,1,701,750,"Raw Produce","p","Ghana","Kumasi","Kumasi 18",13,NA,"pepper",NA
"481","07_02_5005",7,"2018-10-11",2,"",5005,TRUE,1,701,700,"Raw Produce","p","Ghana","Kumasi","Kumasi 18",8,NA,"tomato",NA
"482","07_02_5006",7,"2018-10-11",2,"",5006,TRUE,1,701,1050,"Raw Produce","p","Ghana","Kumasi","Kumasi 18",4,NA,"lettuce",NA
"483","07_02_5007",7,"2018-10-11",2,"",5007,TRUE,1,701,NA,"Raw Produce","p","Ghana","Kumasi","Kumasi 18",13,NA,"pepper",NA
"484","07_02_5008",7,"2018-10-11",2,"",5008,TRUE,1,701,25,"Raw Produce","p","Ghana","Kumasi","Kumasi 18",8,NA,"tomato",NA
"485","07_02_5009",7,"2018-10-11",2,"",5009,TRUE,1,701,12000,"Raw Produce","p","Ghana","Kumasi","Kumasi 18",4,NA,"lettuce",NA
"486","07_02_5101",7,"2018-10-17",2,"",5101,TRUE,2,702,25,"Raw Produce","p","Ghana","Kumasi","Kumasi 18",13,NA,"pepper",NA
"487","07_02_5102",7,"2018-10-17",2,"",5102,TRUE,2,702,15350,"Raw Produce","p","Ghana","Kumasi","Kumasi 18",13,NA,"pepper",NA
"488","07_02_5103",7,"2018-10-17",2,"",5103,TRUE,2,702,2550,"Raw Produce","p","Ghana","Kumasi","Kumasi 18",8,NA,"tomato",NA
"489","07_02_5104",7,"2018-10-17",2,"",5104,TRUE,2,702,1000,"Raw Produce","p","Ghana","Kumasi","Kumasi 18",8,NA,"tomato",NA
"490","07_02_5105",7,"2018-10-17",2,"",5105,TRUE,2,702,57250,"Raw Produce","p","Ghana","Kumasi","Kumasi 18",4,NA,"lettuce",NA
"491","07_02_5106",7,"2018-10-18",2,"",5106,TRUE,2,702,144500,"Raw Produce","p","Ghana","Kumasi","Kumasi 18",8,NA,"tomato",NA
"492","07_02_5107",7,"2018-10-18",2,"",5107,TRUE,2,702,385000,"Raw Produce","p","Ghana","Kumasi","Kumasi 18",4,NA,"lettuce",NA
"493","07_02_5108",7,"2018-10-18",2,"",5108,TRUE,2,702,38750,"Raw Produce","p","Ghana","Kumasi","Kumasi 18",13,NA,"pepper",NA
"494","07_02_5109",7,"2018-10-18",2,"",5109,TRUE,2,702,25,"Raw Produce","p","Ghana","Kumasi","Kumasi 18",8,NA,"tomato",NA
"495","07_02_5110",7,"2018-10-18",2,"",5110,TRUE,2,702,3000,"Raw Produce","p","Ghana","Kumasi","Kumasi 18",4,NA,"lettuce",NA
"496","07_02_5201",7,"2018-10-24",2,"",5201,TRUE,4,704,1050,"Raw Produce","p","Ghana","Kumasi","Kumasi 18",8,NA,"tomato",NA
"497","07_02_5202",7,"2018-10-24",2,"",5202,TRUE,4,704,59750,"Raw Produce","p","Ghana","Kumasi","Kumasi 18",8,NA,"tomato",NA
"498","07_02_5203",7,"2018-10-24",2,"",5203,TRUE,4,704,35000,"Raw Produce","p","Ghana","Kumasi","Kumasi 18",4,NA,"lettuce",NA
"499","07_02_5204",7,"2018-10-24",2,"",5204,TRUE,4,704,50,"Raw Produce","p","Ghana","Kumasi","Kumasi 18",13,NA,"pepper",NA
"500","07_02_5205",7,"2018-10-24",2,"",5205,TRUE,4,704,9500,"Raw Produce","p","Ghana","Kumasi","Kumasi 18",4,NA,"lettuce",NA
"501","07_02_5206",7,"2018-10-25",2,"",5206,TRUE,4,704,1000,"Raw Produce","p","Ghana","Kumasi","Kumasi 18",4,NA,"lettuce",NA
"502","07_02_5207",7,"2018-10-25",2,"",5207,TRUE,4,704,6750,"Raw Produce","p","Ghana","Kumasi","Kumasi 18",4,NA,"lettuce",NA
"503","07_02_5208",7,"2018-10-25",2,"",5208,TRUE,4,704,41500,"Raw Produce","p","Ghana","Kumasi","Kumasi 18",13,NA,"pepper",NA
"504","07_02_5209",7,"2018-10-25",2,"",5209,TRUE,4,704,6000,"Raw Produce","p","Ghana","Kumasi","Kumasi 18",13,NA,"pepper",NA
"505","07_02_5210",7,"2018-10-25",2,"",5210,TRUE,4,704,1500,"Raw Produce","p","Ghana","Kumasi","Kumasi 18",8,NA,"tomato",NA
"506","07_02_5301",7,"2018-10-31",2,"",5301,TRUE,3,703,36750,"Raw Produce","p","Ghana","Kumasi","Kumasi 18",4,NA,"lettuce",NA
"507","07_02_5302",7,"2018-10-31",2,"",5302,TRUE,3,703,550,"Raw Produce","p","Ghana","Kumasi","Kumasi 18",13,NA,"pepper",NA
"508","07_02_5303",7,"2018-10-31",2,"",5303,TRUE,3,703,1100,"Raw Produce","p","Ghana","Kumasi","Kumasi 18",8,NA,"tomato",NA
"509","07_02_5304",7,"2018-10-31",2,"",5304,TRUE,3,703,150,"Raw Produce","p","Ghana","Kumasi","Kumasi 18",4,NA,"lettuce",NA
"510","07_02_5305",7,"2018-10-31",2,"",5305,TRUE,3,703,25,"Raw Produce","p","Ghana","Kumasi","Kumasi 18",13,NA,"pepper",NA
"511","07_02_5306",7,"2018-11-01",2,"",5306,TRUE,3,703,49950,"Raw Produce","p","Ghana","Kumasi","Kumasi 18",8,NA,"tomato",NA
"512","07_02_5307",7,"2018-11-01",2,"",5307,TRUE,3,703,36616.6666666667,"Raw Produce","p","Ghana","Kumasi","Kumasi 18",13,NA,"pepper",NA
"513","07_02_5308",7,"2018-11-01",2,"",5308,TRUE,3,703,44533.3333333333,"Raw Produce","p","Ghana","Kumasi","Kumasi 18",8,NA,"tomato",NA
"514","07_02_5309",7,"2018-11-01",2,"",5309,TRUE,3,703,66100,"Raw Produce","p","Ghana","Kumasi","Kumasi 18",13,NA,"pepper",NA
"515","07_02_5310",7,"2018-11-01",2,"",5310,TRUE,3,703,8475,"Raw Produce","p","Ghana","Kumasi","Kumasi 18",4,NA,"lettuce",NA
"516","09_10_1203",9,"2018-11-30",10,"",1203,TRUE,3,903,82,"Street Food","sf","Uganda","Kampala","Kampala 18",NA,11,NA,"Rolex"
"517","09_10_1204",9,"2018-11-30",10,"",1204,TRUE,3,903,176.5,"Street Food","sf","Uganda","Kampala","Kampala 18",NA,13,NA,"Chapati with beans"
"518","09_10_1205",9,"2018-11-30",10,"",1205,TRUE,3,903,183.5,"Street Food","sf","Uganda","Kampala","Kampala 18",NA,13,NA,"Chapati with beans"
"519","09_10_1206",9,"2018-11-30",10,"",1206,TRUE,3,903,94.5,"Street Food","sf","Uganda","Kampala","Kampala 18",NA,11,NA,"Rolex"
"520","09_10_1207",9,"2018-11-30",10,"",1207,TRUE,3,903,121,"Street Food","sf","Uganda","Kampala","Kampala 18",NA,12,NA,"Samosas"
"521","09_10_1210",9,"2018-11-30",10,"",1210,TRUE,3,903,79,"Street Food","sf","Uganda","Kampala","Kampala 18",NA,11,NA,"Rolex"
"522","09_10_1211",9,"2018-12-01",10,"",1211,TRUE,5,905,91,"Street Food","sf","Uganda","Kampala","Kampala 18",NA,11,NA,"Rolex"
"523","09_10_1212",9,"2018-12-01",10,"",1212,TRUE,5,905,153,"Street Food","sf","Uganda","Kampala","Kampala 18",NA,13,NA,"Chapati with beans"
"524","09_10_1213",9,"2018-12-01",10,"",1213,TRUE,5,905,3094,"Street Food","sf","Uganda","Kampala","Kampala 18",NA,11,NA,"Rolex"
"525","09_10_1214",9,"2018-12-01",10,"",1214,TRUE,5,905,153,"Street Food","sf","Uganda","Kampala","Kampala 18",NA,13,NA,"Chapati with beans"
"526","09_10_1215",9,"2018-12-01",10,"",1215,TRUE,5,905,55,"Street Food","sf","Uganda","Kampala","Kampala 18",NA,12,NA,"Samosas"
"527","09_10_1216",9,"2019-01-05",10,"",1216,TRUE,5,905,50,"Street Food","sf","Uganda","Kampala","Kampala 18",NA,12,NA,"Samosas"
"528","09_10_1217",9,"2018-12-05",10,"",1217,TRUE,5,905,99,"Street Food","sf","Uganda","Kampala","Kampala 18",NA,13,NA,"Chapati with beans"
"529","09_10_1218",9,"2019-01-05",10,"",1218,TRUE,5,905,182.5,"Street Food","sf","Uganda","Kampala","Kampala 18",NA,13,NA,"Chapati with beans"
"530","09_10_1219",9,"2019-01-05",10,"",1219,TRUE,5,905,86,"Street Food","sf","Uganda","Kampala","Kampala 18",NA,11,NA,"Rolex"
"531","09_10_1220",9,"2019-01-05",10,"",1220,TRUE,5,905,93,"Street Food","sf","Uganda","Kampala","Kampala 18",NA,11,NA,"Rolex"
"532","09_10_1221",9,"2019-01-09",10,"",1221,TRUE,2,902,NA,"Street Food","sf","Uganda","Kampala","Kampala 18",NA,12,NA,"Samosas"
"533","09_10_1223",9,"2019-01-09",10,"",1223,TRUE,2,902,NA,"Street Food","sf","Uganda","Kampala","Kampala 18",NA,11,NA,"Rolex"
"534","09_10_1224",9,"2019-01-09",10,"",1224,TRUE,2,902,82,"Street Food","sf","Uganda","Kampala","Kampala 18",NA,11,NA,"Rolex"
"535","09_10_1225",9,"2019-01-09",10,"",1225,TRUE,2,902,8242,"Street Food","sf","Uganda","Kampala","Kampala 18",NA,13,NA,"Chapati with beans"
"536","09_10_1226",9,"2019-01-09",10,"",1226,TRUE,2,902,137,"Street Food","sf","Uganda","Kampala","Kampala 18",NA,13,NA,"Chapati with beans"
"537","09_10_1227",9,"2019-01-09",10,"",1227,TRUE,2,902,204600,"Street Food","sf","Uganda","Kampala","Kampala 18",NA,13,NA,"Chapati with beans"
"538","09_10_1228",9,"2019-01-09",10,"",1228,TRUE,2,902,85560,"Street Food","sf","Uganda","Kampala","Kampala 18",NA,11,NA,"Rolex"
"539","09_10_1229",9,"2019-01-09",10,"",1229,TRUE,2,902,NA,"Street Food","sf","Uganda","Kampala","Kampala 18",NA,12,NA,"Samosas"
"540","09_10_1230",9,"2019-01-09",10,"",1230,TRUE,2,902,35505,"Street Food","sf","Uganda","Kampala","Kampala 18",NA,13,NA,"Chapati with beans"
"541","09_10_1231",9,"2019-01-10",10,"",1231,TRUE,1,901,54945,"Street Food","sf","Uganda","Kampala","Kampala 18",NA,13,NA,"Chapati with beans"
"542","09_10_1232",9,"2019-01-10",10,"",1232,TRUE,1,901,11457,"Street Food","sf","Uganda","Kampala","Kampala 18",NA,11,NA,"Rolex"
"543","09_10_1233",9,"2019-01-10",10,"",1233,TRUE,1,901,34.5,"Street Food","sf","Uganda","Kampala","Kampala 18",NA,12,NA,"Samosas"
"544","09_10_1234",9,"2019-01-10",10,"",1234,TRUE,1,901,NA,"Street Food","sf","Uganda","Kampala","Kampala 18",NA,11,NA,"Rolex"
"545","09_10_1235",9,"2019-01-10",10,"",1235,TRUE,1,901,362180,"Street Food","sf","Uganda","Kampala","Kampala 18",NA,12,NA,"Samosas"
"546","09_10_1236",9,"2019-01-10",10,"",1236,TRUE,1,901,101,"Street Food","sf","Uganda","Kampala","Kampala 18",NA,11,NA,"Rolex"
"547","09_10_1237",9,"2019-01-10",10,"",1237,TRUE,1,901,232,"Street Food","sf","Uganda","Kampala","Kampala 18",NA,13,NA,"Chapati with beans"
"548","09_10_1238",9,"2019-01-10",10,"",1238,TRUE,1,901,NA,"Street Food","sf","Uganda","Kampala","Kampala 18",NA,11,NA,"Rolex"
"549","09_10_1239",9,"2019-01-10",10,"",1239,TRUE,1,901,14000,"Street Food","sf","Uganda","Kampala","Kampala 18",NA,13,NA,"Chapati with beans"
"550","09_10_1240",9,"2019-01-10",10,"",1240,TRUE,1,901,NA,"Street Food","sf","Uganda","Kampala","Kampala 18",NA,12,NA,"Samosas"
"551","09_10_1241",9,"2019-01-11",10,"",1241,TRUE,4,904,1379.5,"Street Food","sf","Uganda","Kampala","Kampala 18",NA,12,NA,"Samosas"
"552","09_10_1242",9,"2019-01-11",10,"",1242,TRUE,4,904,1320,"Street Food","sf","Uganda","Kampala","Kampala 18",NA,11,NA,"Rolex"
"553","09_10_1243",9,"2019-01-11",10,"",1243,TRUE,4,904,NA,"Street Food","sf","Uganda","Kampala","Kampala 18",NA,13,NA,"Chapati with beans"
"554","09_10_1244",9,"2019-01-11",10,"",1244,TRUE,4,904,NA,"Street Food","sf","Uganda","Kampala","Kampala 18",NA,11,NA,"Rolex"
"555","09_10_1245",9,"2019-01-11",10,"",1245,TRUE,4,904,1704,"Street Food","sf","Uganda","Kampala","Kampala 18",NA,13,NA,"Chapati with beans"
"556","09_10_1246",9,"2019-01-11",10,"",1246,TRUE,4,904,7104,"Street Food","sf","Uganda","Kampala","Kampala 18",NA,11,NA,"Rolex"
"557","09_10_1247",9,"2019-01-13",10,"",1247,TRUE,4,904,NA,"Street Food","sf","Uganda","Kampala","Kampala 18",NA,13,NA,"Chapati with beans"
"558","09_10_1248",9,"2019-01-13",10,"",1248,TRUE,4,904,490,"Street Food","sf","Uganda","Kampala","Kampala 18",NA,13,NA,"Chapati with beans"
"559","09_10_1249",9,"2019-01-13",10,"",1249,TRUE,4,904,80.5,"Street Food","sf","Uganda","Kampala","Kampala 18",NA,11,NA,"Rolex"
"560","09_10_1250",9,"2019-01-13",10,"",1250,TRUE,4,904,51,"Street Food","sf","Uganda","Kampala","Kampala 18",NA,12,NA,"Samosas"
"561","09_02_1151",9,"2018-11-30",2,"",1151,TRUE,3,903,25,"Raw Produce","p","Uganda","Kampala","Kampala 18",8,NA,"tomato",NA
"562","09_02_1152",9,"2018-11-30",2,"",1152,TRUE,3,903,NA,"Raw Produce","p","Uganda","Kampala","Kampala 18",1,NA,"cabbage",NA
"563","09_02_1153",9,"2018-11-30",2,"",1153,TRUE,3,903,2650,"Raw Produce","p","Uganda","Kampala","Kampala 18",8,NA,"tomato",NA
"564","09_02_1154",9,"2018-11-30",2,"",1154,TRUE,3,903,250,"Raw Produce","p","Uganda","Kampala","Kampala 18",1,NA,"cabbage",NA
"565","09_02_1155",9,"2018-11-30",2,"",1155,TRUE,3,903,25,"Raw Produce","p","Uganda","Kampala","Kampala 18",1,NA,"cabbage",NA
"566","09_02_1156",9,"2018-11-30",2,"",1156,TRUE,3,903,25,"Raw Produce","p","Uganda","Kampala","Kampala 18",8,NA,"tomato",NA
"567","09_02_1157",9,"2018-11-30",2,"",1157,TRUE,3,903,25,"Raw Produce","p","Uganda","Kampala","Kampala 18",1,NA,"cabbage",NA
"568","09_02_1158",9,"2018-11-30",2,"",1158,TRUE,3,903,25,"Raw Produce","p","Uganda","Kampala","Kampala 18",1,NA,"cabbage",NA
"569","09_02_1159",9,"2018-11-30",2,"",1159,TRUE,3,903,NA,"Raw Produce","p","Uganda","Kampala","Kampala 18",8,NA,"tomato",NA
"570","09_02_1160",9,"2018-11-30",2,"",1160,TRUE,3,903,3000,"Raw Produce","p","Uganda","Kampala","Kampala 18",8,NA,"tomato",NA
"571","09_02_1161",9,"2019-01-10",2,"",1161,TRUE,2,902,NA,"Raw Produce","p","Uganda","Kampala","Kampala 18",8,NA,"tomato",NA
"572","09_02_1162",9,"2019-01-10",2,"",1162,TRUE,2,902,78633.3333333333,"Raw Produce","p","Uganda","Kampala","Kampala 18",8,NA,"tomato",NA
"573","09_02_1163",9,"2019-01-09",2,"",1163,TRUE,2,902,300,"Raw Produce","p","Uganda","Kampala","Kampala 18",1,NA,"cabbage",NA
"574","09_02_1164",9,"2019-01-09",2,"",1164,TRUE,2,902,NA,"Raw Produce","p","Uganda","Kampala","Kampala 18",1,NA,"cabbage",NA
"575","09_02_1165",9,"2019-01-09",2,"",1165,TRUE,2,902,25,"Raw Produce","p","Uganda","Kampala","Kampala 18",1,NA,"cabbage",NA
"576","09_02_1166",9,"2019-01-09",2,"",1166,TRUE,2,902,89250,"Raw Produce","p","Uganda","Kampala","Kampala 18",1,NA,"cabbage",NA
"577","09_02_1167",9,"2019-01-09",2,"",1167,TRUE,2,902,900,"Raw Produce","p","Uganda","Kampala","Kampala 18",1,NA,"cabbage",NA
"578","09_02_1168",9,"2019-01-10",2,"",1168,TRUE,2,902,NA,"Raw Produce","p","Uganda","Kampala","Kampala 18",8,NA,"tomato",NA
"579","09_02_1169",9,"2019-01-10",2,"",1169,TRUE,2,902,1500,"Raw Produce","p","Uganda","Kampala","Kampala 18",8,NA,"tomato",NA
"580","09_02_1170",9,"2019-01-11",2,"",1170,TRUE,2,902,NA,"Raw Produce","p","Uganda","Kampala","Kampala 18",8,NA,"tomato",NA
"581","09_02_1171",9,"2019-01-11",2,"",1171,TRUE,1,901,NA,"Raw Produce","p","Uganda","Kampala","Kampala 18",1,NA,"cabbage",NA
"582","09_02_1172",9,"2019-01-11",2,"",1172,TRUE,1,901,750,"Raw Produce","p","Uganda","Kampala","Kampala 18",8,NA,"tomato",NA
"583","09_02_1173",9,"2019-01-11",2,"",1173,TRUE,1,901,12500,"Raw Produce","p","Uganda","Kampala","Kampala 18",8,NA,"tomato",NA
"584","09_02_1174",9,"2019-01-11",2,"",1174,TRUE,1,901,14100,"Raw Produce","p","Uganda","Kampala","Kampala 18",1,NA,"cabbage",NA
"585","09_02_1175",9,"2019-01-11",2,"",1175,TRUE,1,901,12500,"Raw Produce","p","Uganda","Kampala","Kampala 18",1,NA,"cabbage",NA
"586","09_02_1176",9,"2019-01-11",2,"",1176,TRUE,1,901,77500,"Raw Produce","p","Uganda","Kampala","Kampala 18",8,NA,"tomato",NA
"587","09_02_1177",9,"2019-01-29",2,"",1177,TRUE,1,901,25,"Raw Produce","p","Uganda","Kampala","Kampala 18",1,NA,"cabbage",NA
"588","09_02_1178",9,"2019-01-11",2,"",1178,TRUE,1,901,54833.3333333333,"Raw Produce","p","Uganda","Kampala","Kampala 18",1,NA,"cabbage",NA
"589","09_02_1179",9,"2019-01-11",2,"",1179,TRUE,1,901,7500,"Raw Produce","p","Uganda","Kampala","Kampala 18",1,NA,"cabbage",NA
"590","09_02_1180",9,"2019-01-11",2,"",1180,TRUE,1,901,950,"Raw Produce","p","Uganda","Kampala","Kampala 18",8,NA,"tomato",NA
"591","09_02_1181",9,"2019-01-13",2,"",1181,TRUE,5,905,7725,"Raw Produce","p","Uganda","Kampala","Kampala 18",8,NA,"tomato",NA
"592","09_02_1182",9,"2019-01-13",2,"",1182,TRUE,5,905,25,"Raw Produce","p","Uganda","Kampala","Kampala 18",1,NA,"cabbage",NA
"593","09_02_1183",9,"2019-01-13",2,"",1183,TRUE,5,905,93000,"Raw Produce","p","Uganda","Kampala","Kampala 18",8,NA,"tomato",NA
"594","09_02_1184",9,"2019-01-13",2,"",1184,TRUE,5,905,2900,"Raw Produce","p","Uganda","Kampala","Kampala 18",1,NA,"cabbage",NA
"595","09_02_1185",9,"2019-01-13",2,"",1185,TRUE,5,905,25,"Raw Produce","p","Uganda","Kampala","Kampala 18",8,NA,"tomato",NA
"596","09_02_1186",9,"2019-01-13",2,"",1186,TRUE,5,905,25,"Raw Produce","p","Uganda","Kampala","Kampala 18",1,NA,"cabbage",NA
"597","09_02_1187",9,"2019-01-13",2,"",1187,TRUE,5,905,50500,"Raw Produce","p","Uganda","Kampala","Kampala 18",1,NA,"cabbage",NA
"598","09_02_1188",9,"2019-01-13",2,"",1188,TRUE,5,905,22500,"Raw Produce","p","Uganda","Kampala","Kampala 18",8,NA,"tomato",NA
"599","09_02_1189",9,"2019-01-13",2,"",1189,TRUE,5,905,12050,"Raw Produce","p","Uganda","Kampala","Kampala 18",1,NA,"cabbage",NA
"600","09_02_1190",9,"2019-01-13",2,"",1190,TRUE,5,905,25,"Raw Produce","p","Uganda","Kampala","Kampala 18",8,NA,"tomato",NA
"601","09_02_1191",9,"2019-01-13",2,"",1191,TRUE,4,904,300,"Raw Produce","p","Uganda","Kampala","Kampala 18",8,NA,"tomato",NA
"602","09_02_1192",9,"2019-01-13",2,"",1192,TRUE,4,904,3675,"Raw Produce","p","Uganda","Kampala","Kampala 18",1,NA,"cabbage",NA
"603","09_02_1193",9,"2019-01-29",2,"",1193,TRUE,4,904,25,"Raw Produce","p","Uganda","Kampala","Kampala 18",8,NA,"tomato",NA
"604","09_02_1194",9,"2019-01-13",2,"",1194,TRUE,4,904,NA,"Raw Produce","p","Uganda","Kampala","Kampala 18",8,NA,"tomato",NA
"605","09_02_1195",9,"2019-01-13",2,"",1195,TRUE,4,904,NA,"Raw Produce","p","Uganda","Kampala","Kampala 18",8,NA,"tomato",NA
"606","09_02_1196",9,"2019-01-13",2,"",1196,TRUE,4,904,NA,"Raw Produce","p","Uganda","Kampala","Kampala 18",8,NA,"tomato",NA
"607","09_02_1197",9,"2019-01-13",2,"",1197,TRUE,4,904,25,"Raw Produce","p","Uganda","Kampala","Kampala 18",1,NA,"cabbage",NA
"608","09_02_1198",9,"2019-01-13",2,"",1198,TRUE,4,904,7625,"Raw Produce","p","Uganda","Kampala","Kampala 18",1,NA,"cabbage",NA
"609","09_02_1199",9,"2019-01-13",2,"",1199,TRUE,4,904,625,"Raw Produce","p","Uganda","Kampala","Kampala 18",8,NA,"tomato",NA
"610","09_02_1200",9,"2019-01-13",2,"",1200,TRUE,4,904,25,"Raw Produce","p","Uganda","Kampala","Kampala 18",1,NA,"cabbage",NA
