"meta.instanceID","X_tags","X_notes","h_UID"
"uuid:e89be97f-ae30-4a53-b74e-73c5b5836955",,,"06_1000"
"uuid:539ee0c3-9518-4a79-81a9-cf29d3350e58",,,"06_1001"
"uuid:f1f176a7-494a-42ac-9c71-5d9de57339cc",,,"06_1002"
"uuid:3a054a0a-a37a-47a9-a468-d07b2554df1e",,,"06_1003"
"uuid:b14f4e11-1a9d-4fcb-b900-0cdf2a0bc9d0",,,"06_1004"
"uuid:394b8716-2598-4739-9676-0f980fef1dcb",,,"06_1005"
"uuid:ebb1ab3a-2b2e-4848-88ec-ed2aab6544bc",,,"06_1006"
"uuid:624ddf47-a3bb-4738-939c-b4493b699804",,,"06_1007"
"uuid:ec2df46b-f34c-465a-92c5-b2449f2680cf",,,"06_1008"
"uuid:d626cf47-de43-4d71-9c54-195094b80495",,,"06_1009"
"uuid:d409eab8-3d4e-43ec-9a5f-e18160750be8",,,"06_1010"
"uuid:d5443c08-3328-44f9-b40e-70d2cb56ef2e",,,"06_1011"
"uuid:25f02284-9736-4dc5-9923-7bbcb78bb2d9",,,"06_1012"
"uuid:4953d25b-03b6-4172-8e51-e1ed4535ae99",,,"06_1013"
"uuid:2da47a1e-e4d7-4456-a4b2-b341731a8b00",,,"06_1014"
"uuid:551f3e5f-f452-4abc-b8be-75d64c4ee749",,,"06_1015"
"uuid:690423f0-23b2-4021-860d-b5227457ad81",,,"06_1016"
"uuid:764644f4-6dd1-4f80-814e-0acd6fb50fe6",,,"06_1017"
"uuid:86e6f163-c4d5-461c-8653-0892d6ad9371",,,"06_1018"
"uuid:31d9c7a8-370a-4fbe-a0f9-91f7a2e83a79",,,"06_1019"
"uuid:63a456e4-9406-46aa-8e84-6a04f127e999",,,"06_1020"
"uuid:d702f8d6-dd9b-4d46-823a-06f3a6413877",,,"06_1021"
"uuid:342fe03f-894d-4e22-a0fa-857153950f16",,,"06_1022"
"uuid:30bbd51d-a919-4b4b-a6e1-7165dc9d267e",,,"06_1023"
"uuid:e57dfe4f-d960-494b-b47e-a0dd4554b212",,,"06_1024"
"uuid:5aa51cd4-bf68-4a71-8013-6246827b9ee3",,,"06_1025"
"uuid:c0df8c02-34be-4572-b3b4-9eb6e663e1a3",,,"06_1026"
"uuid:cfad37d8-f4ca-4841-b516-e3cebb88c816",,,"06_1027"
"uuid:48aa0e16-89b3-4d5e-894c-670b713ed3ce",,,"06_1028"
"uuid:255e498f-dd1a-467c-8dd8-bb9548fee3e8",,,"06_1029"
"uuid:dd5a2b55-e1a5-4ddf-ae0a-4b375d5cdd6d",,,"06_1030"
"uuid:39a79771-37d8-409e-b4e7-5fe9d2113c4c",,,"06_1031"
"uuid:3fd488ba-f528-49c3-8462-1fab8565e802",,,"06_1032"
"uuid:6ecebb62-dcbe-4d62-95aa-b2eba58caba6",,,"06_1033"
"uuid:64f42544-191d-4751-bf69-6f9b53dbc992",,,"06_1034"
"uuid:b1e78902-bb34-42b3-9993-4104ca11fc21",,,"06_1035"
"uuid:430953d8-c35d-4ba0-8a70-64b07ba59760",,,"06_1036"
"uuid:d8c13068-1aa0-4341-a492-1f309f35238f",,,"06_1037"
"uuid:6039ad3e-0dd0-4576-88f0-8a74100a3f86",,,"06_1038"
"uuid:80ae27b9-db55-4556-8f58-0a37c670c946",,,"06_1039"
"uuid:b4898581-dffa-4c90-becf-eeaf2ccec3d6",,,"06_1040"
"uuid:35ad0aa7-3c9a-49c9-8a2b-152821d8e679",,,"06_1041"
"uuid:450d71c7-8564-466c-ab8d-7bc07c0d3d44",,,"06_1042"
"uuid:96f320c1-92e2-4efd-bb2f-3423d921f418",,,"06_1043"
"uuid:336d179d-b87e-4c47-a9b9-4eb7b838af40",,,"06_1044"
"uuid:cc1eb8e2-0201-4a36-ac00-85efccc130e6",,,"06_1045"
"uuid:7ae21f6b-690d-4cc3-8284-5f3b9cdbbc73",,,"06_1046"
"uuid:4b7de3c3-ac02-4736-b767-63fe379a812c",,,"06_1047"
"uuid:f45e54af-c766-49cd-96e7-679f97c2df79",,,"06_1048"
"uuid:35fafa7f-a17a-46c1-85fd-5e5505ff542c",,,"06_1049"
"uuid:c111587e-2a17-4948-90b0-1b706aa9d5c4",,,"06_1050"
"uuid:d639a8ec-52ca-4f48-8a10-b0ae9f5b86fd",,,"06_1051"
"uuid:c3b599a1-b5ca-4f01-b04b-cc5a13117653",,,"06_1052"
"uuid:acc6b072-6578-404b-a5e1-9d09bfba1fb8",,,"06_1053"
"uuid:8b75356c-c081-4618-bdf7-e7c091009180",,,"06_1054"
"uuid:f2e26175-1530-4348-9b0f-0dd20e42fed9",,,"06_1055"
"uuid:b2284671-cb5b-4dd5-a8b0-f60b7c772f8a",,,"06_1056"
"uuid:0c5c3ab0-ffaf-4e9f-9406-36fdf386513c",,,"06_1057"
"uuid:09270430-be45-4c78-adb6-4ac5302251cb",,,"06_1058"
"uuid:faefbd3c-2826-45fd-8cd3-6c25533388d9",,,"06_1059"
"uuid:fb5ae1fc-03f7-4e58-af08-3b9464793f90",,,"06_1060"
"uuid:6048604c-5664-4f34-9370-ea10d16fdf94",,,"06_1061"
"uuid:8fce0a97-7d1d-4f06-98e6-1c0c4c186cb5",,,"06_1062"
"uuid:491fd64b-019c-47e3-b60d-4068b6278fbc",,,"06_1063"
"uuid:d0715ef7-e506-48c3-990e-961be1136385",,,"06_1064"
"uuid:a46f96c4-9396-42a6-8c58-743f5ae12fec",,,"06_1065"
"uuid:0eeb41a3-64c8-4128-9724-c220b01b9cdd",,,"06_1066"
"uuid:5498539d-3d10-45c1-8091-8cd4d641a5ad",,,"06_1067"
"uuid:dbb2d3bf-2b33-46b6-9910-e530bd9fa6d8",,,"06_1068"
"uuid:1f1a573c-6002-4ba1-97c6-cb9e9a270ef0",,,"06_1069"
"uuid:6b391a33-501e-4083-b478-5b65399f0900",,,"06_1070"
"uuid:46725932-8474-48da-992f-dca5bd039ad2",,,"06_1071"
"uuid:b4891016-7815-4365-a674-689e0ebcd374",,,"06_1072"
"uuid:de6a5bf3-e04e-4ce9-82aa-380fc70135fb",,,"06_1073"
"uuid:36b64529-ae0b-4d55-85de-9bb957088bb1",,,"06_1074"
"uuid:82514c51-2bb2-4645-b34a-aa09fd652dd6",,,"06_1075"
"uuid:99178034-3024-454d-bb5d-7a1cfc7a7c6c",,,"06_1076"
"uuid:824dd201-4868-45be-9025-5b762afad14e",,,"06_1077"
"uuid:445fb429-9f01-4618-8240-a009f30cf66b",,,"06_1078"
"uuid:95ca8e66-aaff-42b7-b580-9322cf03d48d",,,"06_1079"
"uuid:14f6828c-3619-42c5-bd38-5cacb90b7c49",,,"06_1080"
"uuid:a0d0570c-1732-4f51-9822-8e96b54fee30",,,"06_1081"
"uuid:18c33c0a-3c29-4f49-8aba-d709a7611af0",,,"06_1082"
"uuid:6a2116b9-13f1-4eaa-854b-4452827d9b29",,,"06_1083"
"uuid:7808ef60-e2c4-4837-bd96-aa1076c1ffdc",,,"06_1084"
"uuid:0303dceb-3a7f-4caa-8769-01954d3cd417",,,"06_1085"
"uuid:62001390-5375-441e-902d-ee7c50d4978c",,,"06_1086"
"uuid:29ae064e-5eaf-492e-beb8-6a2577c0e65c",,,"06_1087"
"uuid:9b5e854e-edc5-403e-89b5-2fe541f30c19",,,"06_1088"
"uuid:7623e04e-0f42-48f3-95c8-c833e72a617c",,,"06_1089"
"uuid:30b51326-2f39-409c-8532-35ebeb7ad1ce",,,"06_1090"
"uuid:d177758f-bfe4-47e6-8977-e24412645a1c",,,"06_1091"
"uuid:cf26ebca-993a-4991-a265-627229c24330",,,"06_1092"
"uuid:4e13cbf8-421a-426f-aaf5-85ae69247bcf",,,"06_1093"
"uuid:66e32379-1ef2-42a4-9ce6-93ff07b04dd8",,,"06_1094"
"uuid:9956232f-0d8b-446b-9457-59d33a4911cb",,,"06_1095"
"uuid:e32036b4-d359-4dc8-811f-4eed3f9deacf",,,"06_1096"
"uuid:8e9f7062-8f40-4b9c-bb8d-bddb10f4a08d",,,"06_1097"
"uuid:b16e208d-e27b-47a2-925f-51b72ecd3c44",,,"06_1098"
"uuid:fb82a6f5-c9be-43d6-877e-cf9c3ed800f9",,,"06_1099"
"uuid:b128789f-8368-4301-990a-47fd2b07cd1f",,,"06_1100"
"uuid:bcd501cc-5a90-4c5a-aada-ab86564ffd9f",,,"06_1101"
"uuid:d662265b-c523-4c4a-af61-b1457d751454",,,"06_1102"
"uuid:7505935c-8da4-4566-8d52-4fd33fc635e4",,,"06_1103"
"uuid:57704302-c453-4541-be0f-9b538ba6942d",,,"06_1104"
"uuid:3f1d1a72-26a9-48a9-a32c-9baedc830c68",,,"06_1105"
"uuid:46b0849d-96de-47da-bbdc-a728dd140691",,,"06_1106"
"uuid:3e84c675-0d54-42a4-bfef-eff58ce9b49f",,,"06_1107"
"uuid:3f1f763a-0018-4622-9f81-505cb68716e8",,,"06_1108"
"uuid:adfb3225-f8d1-4a4b-b5fb-a999443fe62e",,,"06_1109"
"uuid:2c5ae008-43be-4d73-a33d-3b510ee84339",,,"06_1110"
"uuid:7e34b02c-e12d-4187-a31e-593fe098eb84",,,"06_1111"
"uuid:72936834-e43e-45ae-bdfb-5ddc43edb5df",,,"06_1112"
"uuid:75daa4a5-021f-4b23-a7d5-c7f2130bfc31",,,"06_1113"
"uuid:c1273632-79a0-431c-9cda-7250e73bb541",,,"06_1114"
"uuid:bd4cfa5d-5d44-42e6-80ef-82c11a5b5c40",,,"06_1115"
"uuid:b4f8b3fd-911e-4860-990a-eb3cf071a360",,,"06_1116"
"uuid:5a43b275-4468-4ab5-bb0d-2e721b9843c7",,,"06_1117"
"uuid:078c38e7-fd00-4b8e-a16e-96dee2293f40",,,"06_1118"
"uuid:b13ddf09-391e-4e1a-8fa1-3906f25e3746",,,"06_1119"
"uuid:ce6d736c-1d63-4248-9824-5a5f7cb61927",,,"06_1120"
"uuid:7566ef35-85d3-4937-9b69-1c0a74487046",,,"06_1121"
"uuid:ff50915a-d3ed-45bc-b11c-27c926ae8821",,,"06_1122"
"uuid:2ff1ce12-61e8-44b3-82f1-3dd19c07a6d0",,,"06_1123"
"uuid:f7542174-a46e-447a-be60-8118de898d99",,,"06_1124"
"uuid:49b259c0-5167-407b-a3ee-e6fa78f4e0ba",,,"06_1125"
"uuid:88fbdc44-bdbb-409e-a409-e3bd3ab10db6",,,"06_1126"
"uuid:ab422e50-263a-41ea-ade1-bce0fdb78325",,,"06_1127"
"uuid:27f02366-4224-40b1-82a4-c580c2248aca",,,"06_1128"
"uuid:9f9d930a-835f-4505-8314-fc688d9baae6",,,"06_1129"
"uuid:0756f3e8-9a34-428c-9100-afe934e5a4d2",,,"06_1130"
"uuid:0ab143df-0427-4572-a8ae-b459f2a8f8cb",,,"06_1131"
"uuid:13c0fcd0-6d10-40aa-85e9-5e2858cba273",,,"06_1132"
"uuid:c298a753-2f53-40cc-88c9-685b9a662034",,,"06_1133"
"uuid:5b669221-9ad0-4b1d-a7fb-26242c9d4f1a",,,"06_1134"
"uuid:7cee1380-0ec3-4dbc-bd09-2bc058fcafc6",,,"06_1135"
"uuid:1dc60a8e-c82d-4ca6-9b4b-f56ff188ff4f",,,"06_1136"
"uuid:64528c14-d577-46d4-8a4a-b46de6c59734",,,"06_1137"
"uuid:40b20004-ddb7-4fc2-bde8-10df04be9ad5",,,"06_1138"
"uuid:6bf38da5-9d6d-4779-9f1d-33d172a03a1d",,,"06_1139"
"uuid:dead5ea9-42fd-45d4-a3b2-da8988688091",,,"06_1140"
"uuid:4b95aec5-6187-427a-81db-a47b16e35b1f",,,"06_1141"
"uuid:61d0a35b-49eb-432b-96b0-3b801b099579",,,"06_1142"
"uuid:7958c183-28aa-411f-ad81-7a2cc8b41fea",,,"06_1143"
"uuid:b1af1ed6-d080-4b86-8a6d-e6b6d453de1e",,,"06_1144"
"uuid:629ff9d5-abcb-4b2a-9865-727991c6d9bb",,,"06_1145"
"uuid:876c93f2-ac03-4c95-a34f-466bc3d70b92",,,"06_1146"
"uuid:7208e07e-7e22-4384-aeed-1d207e3de91a",,,"06_1147"
"uuid:5f0ff9bd-c14f-4da5-8f3e-526d06279c92",,,"06_1148"
"uuid:806b25f7-d35d-4573-98c5-f584bd97e883",,,"06_1149"
"uuid:670fab03-48a2-42e0-b44f-cbf10566fdfb",,,"06_1150"
"uuid:3d8368be-06f0-41d6-9d57-9913d874ab0b",,,"06_1151"
"uuid:f552eff9-256c-46ec-a4cd-652a273d0782",,,"06_1152"
"uuid:6b438548-3000-4def-8c09-0cf31e461c7c",,,"06_1153"
"uuid:2adeb0ed-eadf-48be-a0ca-e954b99ee87c",,,"06_1154"
"uuid:290bd59c-e354-4615-a582-40ffe52e87bb",,,"06_1155"
"uuid:3c8268e7-83b8-4a70-9100-a9a6bf77b408",,,"06_1156"
"uuid:0f28420a-57d0-4ebd-a1e6-f41a2b051720",,,"06_1157"
"uuid:1d376b33-0a4e-4429-b0ab-6210c3dad197",,,"06_1158"
"uuid:0a7bbbe0-1fcc-405a-af50-8823a2859631",,,"06_1159"
"uuid:3830203d-d6a7-4371-aa0c-93f5a7f034c1",,,"06_1160"
"uuid:6f43af91-7c4e-4adb-8890-e150e0bbea10",,,"06_1161"
"uuid:55893706-b3e6-4d10-a8f3-d752a6cda765",,,"06_1162"
"uuid:e495ace2-c747-442d-b93a-5871cdd171f3",,,"06_1163"
"uuid:5f7c9e8b-c815-489a-9e89-8e43b2d135b6",,,"06_1164"
"uuid:996f2823-8137-46de-8f8a-9a14bd2f9157",,,"06_1165"
"uuid:371770b5-ba64-4e7f-8047-19cd758a4c49",,,"06_1166"
"uuid:5316171c-c405-4195-a9d6-5d8408695c46",,,"06_1167"
"uuid:452db035-bbb8-427d-9ab1-fe0e21d91a8c",,,"06_1168"
"uuid:ac04f855-96e2-45c9-a8c4-30ed70a266cd",,,"06_1169"
"uuid:d1d9f0c4-373e-4962-85d4-ea17c91f7e7a",,,"06_1170"
"uuid:4a1d983d-7d5e-433b-878c-1b05bc81fc31",,,"06_1171"
"uuid:83d7a655-2fda-4bff-ac85-4f09f9137aef",,,"06_1172"
"uuid:49e4e9b3-3257-43ff-8100-902f01ac62af",,,"06_1173"
"uuid:ecd2373a-1e4c-489e-acdf-07bed7d109bf",,,"06_1174"
"uuid:49898c1d-3d97-4f14-a2eb-47f290f1b0e0",,,"06_1175"
"uuid:c13c9637-5704-470e-949b-6a346e94465a",,,"06_1176"
"uuid:276f5bdf-a348-4122-95ac-204067d0fc9e",,,"06_1177"
"uuid:04e78178-634d-437e-bb98-15acd2306695",,,"06_1178"
"uuid:735dbee0-7eec-494b-be50-6202a778fd6a",,,"06_1179"
"uuid:9fde5791-ae03-4c87-a8a9-09479c27203f",,,"06_1180"
"uuid:cfce6359-7ed7-4af2-b239-6d835d2f29a8",,,"06_1181"
"uuid:6d41356d-eb14-40f2-832b-4dd2d6403456",,,"06_1182"
"uuid:197b380c-0e93-42df-b4c2-79ff314357aa",,,"06_1183"
"uuid:608e8dec-7004-454a-be43-c3bcceba074a",,,"06_1184"
"uuid:c664c39f-5023-49dd-89ec-e6757f3a72ad",,,"06_1185"
"uuid:7155b5c1-85d6-4f97-9554-0126a3297942",,,"06_1186"
"uuid:ce7163aa-1ac2-49c8-9141-669aff987018",,,"06_1187"
"uuid:a2d01d4d-4045-428a-a55d-f53b83702f58",,,"06_1188"
"uuid:04b6f2c3-f8fb-4141-87fb-30be359217ea",,,"06_1189"
"uuid:6f069dc7-7ef7-4360-a5b1-251c8e4eead1",,,"06_1190"
"uuid:3bd52a69-3002-4816-9052-64113700fbf4",,,"06_1191"
"uuid:a877f532-8dbf-4a8a-aaeb-b5b6c0e90e8d",,,"06_1192"
"uuid:2a12341a-6184-4b95-973f-0522eea30737",,,"06_1193"
"uuid:8a5516da-3311-41b0-89ff-5915cbc45374",,,"06_1194"
"uuid:bd46cdc8-7f4c-4977-a1bb-0b6d5938995c",,,"06_1195"
"uuid:f9bb491d-7de0-463c-b77b-0b1d69d60026",,,"06_1196"
"uuid:c053bd73-490f-4dba-9e6a-9a67ff6b1e7b",,,"06_1197"
"uuid:021a5d4c-641a-462c-b9ff-abceb9517a29",,,"06_1198"
"uuid:803bdc6f-a576-4f5c-9cd6-57fd405f7c93",,,"06_1199"
