"meta.instanceID","X_tags","X_notes","lab_UID"
"uuid:6c59cc43-8717-473c-a2d3-bdebeb5c3269",,,"04_01_1001"
"uuid:50a8f9fc-a59f-48f8-9e97-333a4a1520d1",,,"04_06_1015"
"uuid:1630af9e-1f8b-4278-af44-5bfeecdbcb50",,,"04_08_1013"
"uuid:23abb3ae-6ca2-4f3b-b05f-f8ead44277d6",,,"04_01_1014"
"uuid:2acd0553-8caa-43b8-9c70-774df0257c88",,,"04_06_1003"
"uuid:09f52cf9-cb84-4fdb-936e-0c776760748f",,,"04_33_1010"
"uuid:46d05016-8b39-495e-945e-1d1041ad6293",,,"04_06_1009"
"uuid:e19ef634-8ae7-4726-a86e-e679cb8b013e",,,"04_08_1000"
"uuid:22669313-b062-4e8b-9334-1202910114c0",,,"04_06_1008"
"uuid:72fb409f-066f-41a1-8b05-b046a9e6d3b6",,,"04_06_1002"
"uuid:49852fc9-eeba-4b77-a401-6c066476cdc9",,,"04_33_1005"
"uuid:eca19b3f-cb91-4650-b368-e1db11389664",,,"04_08_1006"
"uuid:99347666-4631-4c85-902b-3ec219dd2209",,,"04_01_1007"
"uuid:41b8f124-62c0-4e6c-af17-de946a1e69d7",,,"04_07_1022"
"uuid:6c4cab0b-10b5-4868-a7fc-13a0c9a1583a",,,"04_07_1023"
"uuid:eb9f9354-0d03-4587-a32a-670ae4e773f1",,,"04_07_1030"
"uuid:863d426f-fad2-4efd-894e-36abb7070ee1",,,"04_07_1031"
"uuid:5d984363-e863-44c0-8725-7d918c1db8b6",,,"04_03_1012"
"uuid:adbf3278-218f-42ed-ab66-ceef980fb149",,,"04_03_1029"
"uuid:28aea067-6694-420a-92cc-036e94990c27",,,"04_33_1027"
"uuid:4087b5d8-ef0e-49f1-b69d-12996cb3d739",,,"04_06_1026"
"uuid:46b06d0c-655a-491d-9f1e-fadc47d99336",,,"04_02_1025"
"uuid:5962ba7d-a883-46e4-9a14-779269e06ea5",,,"04_02_1017"
"uuid:830fe728-ea92-4e9b-bb24-66eaf77b9486",,,"04_10_1024"
"uuid:d01c1ac1-8a48-4bb9-81cc-f4e876482a7f",,,"04_10_1016"
"uuid:4dc528be-a405-42f0-9d61-deba132bdf8e",,,"04_10_1020"
"uuid:e1262251-f1b9-4dce-9a89-9511509ff389",,,"04_02_1046"
"uuid:bb8e282d-3c03-477a-808c-04baaf6c38c6",,,"04_10_1045"
"uuid:b84a1742-6707-4ee2-876a-193cfa6a5317",,,"04_06_1047"
"uuid:b3f3482e-1b7a-4af1-9335-b4182cdc0a76",,,"04_33_1049"
"uuid:b1a549c5-2e75-4ca1-a434-520af2d3ad23",,,"04_01_1044"
"uuid:6753c6e9-3d95-4995-b801-62b3381b2cac",,,"04_08_1043"
"uuid:c45cfd4e-bf63-4838-b0d6-5baebbea8074",,,"04_33_1050"
"uuid:4cdeff9c-8b89-4019-ac57-79be9025c6bf",,,"04_07_1040"
"uuid:3fd03acb-2acf-40d0-96d9-9bc299366542",,,"04_07_1041"
"uuid:a65bc2de-1c0d-4856-9b31-a3c2f2187963",,,"04_10_1034"
"uuid:d8b318b0-126b-4d27-85de-90b4c661dec8",,,"04_02_1021"
"uuid:ad273372-3015-4ee3-8419-e12e3dda9237",,,"04_02_1035"
"uuid:167604c2-1b2f-4ea5-a7fa-1a83e2c24edd",,,"04_01_1033"
"uuid:5e4a616e-d49e-4cf7-83aa-bfa5e8fe2dba",,,"04_08_1032"
"uuid:7e86e893-d53a-45cc-af04-0dd822d1082d",,,"04_06_1037"
"uuid:af784070-f03e-48bc-bec9-ca1b00b4243b",,,"04_06_1036"
"uuid:e750e348-c415-42b9-a788-441adc93032a",,,"04_33_1039"
"uuid:3e98239f-0e1a-45a9-be2c-e3abfe9c888f",,,"04_03_1042"
"uuid:d1fc03e5-f548-4c55-a6d5-b3fc607c6e41",,,"04_10_1053"
"uuid:c847b1aa-7068-46fe-b96a-720f6393b3c4",,,"04_10_1061"
"uuid:1e090dda-9e5e-45ec-ad5e-dce55ed9848c",,,"04_02_1054"
"uuid:2c6765e1-bf3e-4955-915b-3f2af31d1104",,,"04_02_1062"
"uuid:6d6c0a65-2e9a-4fc8-a09e-57c7aff70cb6",,,"04_08_1051"
"uuid:3bde9460-41f1-47df-811c-438e24635b89",,,"04_08_1059"
"uuid:112f29d7-ff05-4173-8076-1d2a1ae18fff",,,"04_01_1060"
"uuid:5442fba5-9f6e-40cc-99af-5a5fd0fed668",,,"04_01_1052"
"uuid:fff54f5b-c95e-4809-8d03-a5f8b11a7a2c",,,"04_33_1065"
"uuid:19385840-b909-4648-9596-91c2f522f291",,,"04_06_1055"
"uuid:b40caaf6-ce1b-4a0e-b49d-29fb54c41af3",,,"04_06_1063"
"uuid:493fa286-75bf-4156-ae07-43485a814ab0",,,"04_06_1056"
"uuid:e00bb2cd-6ac1-48c8-880c-9630ba1f5e10",,,"04_06_1064"
"uuid:0d43ab29-052b-4adc-954a-6cfa2e0223a1",,,"04_07_1068"
"uuid:c875ca4b-152d-4478-abf8-d299a27e1868",,,"04_07_1067"
"uuid:498a970c-3b85-4728-8d71-89f11d78edff",,,"04_01_1081"
"uuid:514c1f46-1098-48e0-af27-c7c558856363",,,"04_33_1087"
"uuid:75626cf0-fa30-4c94-8000-3a5b74ca988d",,,"04_33_1076"
"uuid:f33e94dc-ae58-4b41-bada-33cca4c6c420",,,"04_33_1086"
"uuid:5e193f99-db80-4630-9f22-b658a1909628",,,"04_01_1070"
"uuid:84ddd584-3fc6-4349-aeb0-90f600ce4608",,,"04_03_1088"
"uuid:655e59ee-3034-4108-85c5-ef7694df0944",,,"04_03_1079"
"uuid:da3ee319-4c37-48c1-a97c-7d7ddec18413",,,"04_06_1073"
"uuid:824c416e-98c1-4e3f-81fb-b0a8dfba6af4",,,"04_06_1085"
"uuid:6e43ee0a-0590-40f2-b9df-01412ea969a9",,,"04_06_1074"
"uuid:4bca7ef5-16c7-4a63-aeb9-c0ef49c3a5f5",,,"04_06_1084"
"uuid:0065f19d-08b1-4e2e-b192-b7b950c90248",,,"04_08_1069"
"uuid:325b7335-27c5-4811-8e5d-ca89adf1b676",,,"04_08_1080"
"uuid:6c914df1-ff13-417d-90aa-f914788ade17",,,"04_07_1078"
"uuid:02e28ff2-b745-4acb-a1ef-ded66e40db68",,,"04_07_1077"
"uuid:edafedc9-2a41-4f35-a9dc-a33231f5cb14",,,"04_10_1071"
"uuid:ae666a4b-5ddc-45c7-ad08-b337c5b55dc7",,,"04_10_1082"
"uuid:a17ca728-74e0-4cb9-b054-69b970745cfd",,,"04_02_1072"
"uuid:ae4c0151-6f5a-491e-9e86-3b83ec28e3dd",,,"04_02_1083"
"uuid:a1e4207e-b134-4b95-899a-ff4bb8782559",,,"04_02_1092"
"uuid:026e11aa-81fe-439d-a6ce-fd46b2e97af6",,,"04_02_1104"
"uuid:2b2a2469-2203-40da-a1c5-74978d30a920",,,"04_10_1091"
"uuid:035906c1-abc8-4d8a-9fd7-46f9a357e685",,,"04_10_1103"
"uuid:a8c3a347-7914-4c8a-8438-ad12ee96a3e3",,,"04_07_1097"
"uuid:ad61c7bd-66be-49d8-8cc6-a9d3b0afbe53",,,"04_07_1098"
"uuid:28a8613d-effa-406f-a029-55d739a19006",,,"04_06_1093"
"uuid:b41f460a-09b3-45a8-8e92-7e0696a03b81",,,"04_06_1105"
"uuid:3a4f6ceb-7e6a-4c1f-84c7-8d3f437105f7",,,"04_01_1102"
"uuid:0c6c3056-7071-495c-b151-437cb57b38a4",,,"04_33_1107"
"uuid:2967c1bf-4537-47e2-9dab-c241aeedc797",,,"04_33_1108"
"uuid:eca8f1bf-0d0c-4708-942e-7a573f68f408",,,"04_33_1096"
"uuid:b5d4b86e-7a58-4410-a6fc-3b1ded729e3c",,,"04_33_1095"
"uuid:da1efc35-30d8-4f64-93ef-717b9ad096f9",,,"04_03_1099"
"uuid:08a618ae-5624-40fe-9b8f-fabb6632bcb4",,,"04_08_1101"
"uuid:548ed003-218a-43d1-be8d-0149e037a459",,,"04_08_1089"
"uuid:5fb5b09e-cf51-48d7-b24f-b0eb94da049d",,,"04_06_1048"
"uuid:34c7b5f3-010a-44a1-95c9-060eb2a7704b",,,"04_06_1094"
"uuid:d0f5895f-b5f6-4322-977a-ffba142ebabe",,,"04_33_1109"
"uuid:da5cf4f2-1a17-4ede-a288-f3b4e9a75282",,,"04_33_1110"
"uuid:d4b7c56f-8645-479f-a6a7-fd89ffb66240",,,"04_33_1111"
"uuid:ccca4d09-712c-4eee-8261-f89b55aa8198",,,"04_33_1112"
"uuid:9d646052-c5e2-4d39-b42a-d7cfafc345d0",,,"04_03_1113"
"uuid:17cbe9ea-4be9-495e-b6fd-4d448777dc24",,,"04_33_1114"
"uuid:d0cdd4c9-327d-4156-a08d-e38d3101dde3",,,"04_33_1115"
"uuid:e372ae96-0cb5-48e3-8c2e-1f18c7a03bad",,,"04_33_1116"
"uuid:723b20ae-1b49-4715-afce-93229977fad3",,,"04_33_1117"
"uuid:13092fb4-cd6c-46ac-bdf8-4cd26bca91fc",,,"04_03_1118"
"uuid:d22449e7-1806-4f26-bfe8-188c94f78b3d",,,"04_33_1120"
"uuid:875e2d14-e471-47a0-b85a-b9375d6b8528",,,"04_33_1122"
"uuid:39c70960-2ab3-4d62-b6e1-59585db9bccd",,,"04_03_1123"
"uuid:8e2215e1-e192-4fab-a054-4fec72931627",,,"04_33_1124"
"uuid:6cbffd0d-826f-4aa8-9ece-29d79d9ff93d",,,"04_33_1125"
"uuid:4c20420c-a944-4793-a0be-08811ac91ede",,,"04_33_1126"
"uuid:db082a61-f30f-4f24-927f-a6862767e01a",,,"04_33_1127"
"uuid:45783210-7f8c-4c13-b6c0-db89ca9c071c",,,"04_03_1128"
"uuid:0e042a0c-7c09-4aec-b52a-42e1f2df242a",,,"04_33_1129"
"uuid:81712956-a2f2-4135-be06-27c5b78c195b",,,"04_10_1131"
"uuid:1ad3b402-ec27-44a1-94e4-78c7ef5e1070",,,"04_08_1132"
"uuid:4a3c0b77-b82d-4738-b3a1-9cb6d45dfbee",,,"04_01_1133"
"uuid:6e952aaf-b6b4-410e-8e0f-b7f93c5fa464",,,"04_10_1134"
"uuid:e9502aaf-5189-4886-b85d-16b75f83e26a",,,"04_02_1135"
"uuid:7d937175-3271-4b8e-a34b-946517cc002e",,,"04_06_1136"
"uuid:3fdea0bb-0667-440b-8b19-aa93d916ff9a",,,"04_08_1137"
"uuid:ae1b4112-e062-4d5c-b57b-d1f8cc088a58",,,"04_01_1138"
"uuid:8957a862-6ccd-4e47-adea-d7d457ed4571",,,"04_10_1139"
"uuid:e4a71ee6-c66a-4ec9-b5ab-0ee8f6cfd108",,,"04_02_1140"
"uuid:77790ee1-b54a-4c51-b4f1-2cb486c8b99e",,,"04_06_1141"
"uuid:50e1a4d6-41c4-405f-9f2e-b1983760431f",,,"04_07_1142"
"uuid:e7c5408d-19bd-4555-b486-f802f6da5766",,,"04_07_1143"
"uuid:f2ac33bf-9197-4d16-8380-4865002618b1",,,"04_08_1144"
"uuid:e38f85c0-018c-4392-825b-8cef3f030c6e",,,"04_01_1145"
"uuid:a96dfa07-a03d-46ce-8cbb-821db6aa602e",,,"04_10_1146"
"uuid:20fe55cd-9f81-4b40-a79a-695a4aff696f",,,"04_02_1147"
"uuid:353d55cf-0d63-483a-9bb5-6f6d29d0a4b0",,,"04_06_1148"
"uuid:7b141090-f852-4543-ad88-3b03131c0320",,,"04_01_1149"
"uuid:524bab72-2f0d-49c3-8160-75d6b9a515a1",,,"04_01_1163"
"uuid:f833cee5-5921-4015-b8c2-1980f2340efc",,,"04_01_1158"
"uuid:94a4c3d9-a31d-4249-ad07-51309392d1b7",,,"04_33_1119"
"uuid:2c724bc3-72a2-49d5-b81c-06ace809a64a",,,"04_06_1154"
"uuid:8e616b71-734f-4464-b1da-10c5a4ad5184",,,"04_06_1161"
"uuid:0dc0b653-c952-43f6-9a31-d01bcceb740a",,,"04_06_1166"
"uuid:e07a6d25-909c-47c4-9ca4-0aba0ce4e9e1",,,"04_01_1151"
"uuid:bba06822-550d-4a4d-b595-5a5885b162a4",,,"04_10_1159"
"uuid:90ef99ea-105e-4386-b0e2-fff4d09940ee",,,"04_10_1164"
"uuid:1d31d279-c8e0-46ac-a73b-d4f89efb3e36",,,"04_10_1152"
"uuid:4a453d92-4bbf-4e47-ac55-eb9a5cf2922c",,,"04_07_1156"
"uuid:689217b2-c1cd-498f-9af8-94739982be74",,,"04_07_1155"
"uuid:252b0a12-34fd-414e-8449-a6513b5e4952",,,"04_02_1153"
"uuid:00390343-e277-4f8a-9b04-c4d0cf6eb1d4",,,"04_02_1165"
"uuid:0a550fd6-8673-49fd-9dbf-fad0d030107c",,,"04_02_1160"
"uuid:77e85f98-f544-4f80-a5dd-27d49fb9d59e",,,"04_08_1150"
"uuid:1bc4b387-38be-4dbe-80c1-16e91cd5477e",,,"04_08_1162"
"uuid:3dd6e957-29bd-449f-aa7b-aacb8f4d55dd",,,"04_08_1157"
"uuid:7bbc6e7e-b2cc-4c48-8846-6e0bdb519a92",,,"04_02_1170"
"uuid:b46b18ad-a48b-413e-b18a-c840555613f8",,,"04_02_1175"
"uuid:d533c6c6-d139-4a4f-be8d-36f1a7bc15c4",,,"04_02_1181"
"uuid:08326fe7-0827-4c67-b08c-4e0b24473398",,,"04_07_1184"
"uuid:818b1d67-e513-4383-817e-261651bb8f29",,,"04_07_1183"
"uuid:497c459a-1bba-429f-a530-2e072de84a6f",,,"04_07_1177"
"uuid:e4426ad4-2f22-4b87-b567-542e37c26a4a",,,"04_07_1178"
"uuid:a728cd87-b54d-4761-9855-db4e982d6fc5",,,"04_10_1169"
"uuid:0f6efdff-cb4b-4c94-a9f5-5aa9b6ea49cc",,,"04_10_1174"
"uuid:d3c245aa-d273-4edf-880e-b0a8727d43ae",,,"04_06_1171"
"uuid:cd9e7d87-3915-4495-9705-591094778988",,,"04_01_1180"
"uuid:bd47b983-d08b-478e-8e57-8a8163882698",,,"04_06_1182"
"uuid:4bb89311-a48c-4dce-9347-18f9d7bdbe72",,,"04_01_1168"
"uuid:af8a30a0-3bed-421c-8610-5daa9cb4f262",,,"04_06_1176"
"uuid:89251b00-54f8-4019-aa29-6730d5c3dd12",,,"04_01_1173"
"uuid:01768d33-4a36-4ef7-8684-c9afc518a71c",,,"04_08_1179"
"uuid:4636f6a4-ec86-4cb5-8b21-ad7140fc0048",,,"04_08_1167"
"uuid:39aa0f59-ab8d-4a5c-aebf-16f50e4769e5",,,"04_08_1172"
